day,positive_male,positive_female,pdp_male,pdp_female,positive_male_0_14,positive_male_15_19,positive_male_20_24,positive_male_25_49,positive_male_50_54,positive_male_55,positive_female_0_14,positive_female_15_19,positive_female_20_24,positive_female_25_49,positive_female_50_54,positive_female_55,pdp_male_0_14,pdp_male_15_19,pdp_male_20_24,pdp_male_25_49,pdp_male_50_54,pdp_male_55,pdp_female_0_14,pdp_female_15_19,pdp_female_20_24,pdp_female_25_49,pdp_female_50_54,pdp_female_55
1,0,0,4,2,0,0,0,0,0,0,0,0,0,0,0,0,0,0,0,0,0,0,0,0,0,0,0,0
2,0,0,7,5,0,0,0,0,0,0,0,0,0,0,0,0,0,0,0,0,0,0,0,0,0,0,0,0
3,0,0,11,6,0,0,0,0,0,0,0,0,0,0,0,0,0,0,0,0,0,0,0,0,0,0,0,0
4,0,0,11,8,0,0,0,0,0,0,0,0,0,0,0,0,0,0,0,0,0,0,0,0,0,0,0,0
5,1,0,11,8,0,0,0,0,0,0,0,0,0,0,0,0,0,0,0,0,0,0,0,0,0,0,0,0
6,1,0,11,8,0,0,0,0,0,0,0,0,0,0,0,0,0,0,0,0,0,0,0,0,0,0,0,0
7,2,0,15,13,0,0,0,0,0,0,0,0,0,0,0,0,0,0,0,0,0,0,0,0,0,0,0,0
8,2,0,16,13,0,0,0,0,0,0,0,0,0,0,0,0,0,0,0,0,0,0,0,0,0,0,0,0
9,2,0,16,13,0,0,0,0,0,0,0,0,0,0,0,0,0,0,0,0,0,0,0,0,0,0,0,0
10,2,0,16,13,0,0,0,0,0,0,0,0,0,0,0,0,0,0,0,0,0,0,0,0,0,0,0,0
11,2,0,16,13,0,0,0,0,0,0,0,0,0,0,0,0,0,0,0,0,0,0,0,0,0,0,0,0
12,2,0,18,13,0,0,0,0,0,0,0,0,0,0,0,0,0,0,0,0,0,0,0,0,0,0,0,0
13,3,1,20,14,0,0,0,0,0,0,0,0,0,0,0,0,0,0,0,0,0,0,0,0,0,0,0,0
14,3,1,20,15,0,0,0,0,0,0,0,0,0,0,0,0,0,0,0,0,0,0,0,0,0,0,0,0
15,3,1,21,15,0,0,0,0,0,0,0,0,0,0,0,0,0,0,0,0,0,0,0,0,0,0,0,0
16,3,2,23,18,0,0,0,0,0,0,0,0,0,0,0,0,0,0,0,0,0,0,0,0,0,0,0,0
17,3,2,23,19,0,0,0,0,0,0,0,0,0,0,0,0,0,0,0,0,0,0,0,0,0,0,0,0
18,4,2,26,23,0,0,0,0,0,0,0,0,0,0,0,0,0,0,0,0,0,0,0,0,0,0,0,0
19,4,2,27,23,0,0,0,0,0,0,0,0,0,0,0,0,0,0,0,0,0,0,0,0,0,0,0,0
20,10,4,29,23,0,0,0,0,0,0,0,0,0,0,0,0,0,0,0,0,0,0,0,0,0,0,0,0
21,13,6,31,24,0,0,0,0,0,0,0,0,0,0,0,0,0,0,0,0,0,0,0,0,0,0,0,0
22,13,6,31,25,0,0,0,0,0,0,0,0,0,0,0,0,0,0,0,0,0,0,0,0,0,0,0,0
23,13,6,32,26,0,0,0,0,0,0,0,0,0,0,0,0,0,0,0,0,0,0,0,0,0,0,0,0
24,13,6,34,26,0,0,0,0,0,0,0,0,0,0,0,0,0,0,0,0,0,0,0,0,0,0,0,0
25,15,7,36,27,0,0,0,0,0,0,0,0,0,0,0,0,0,0,0,0,0,0,0,0,0,0,0,0
26,15,7,38,30,0,0,0,0,0,0,0,0,0,0,0,0,0,0,0,0,0,0,0,0,0,0,0,0
27,15,7,39,33,0,0,0,0,0,0,0,0,0,0,0,0,0,0,0,0,0,0,0,0,0,0,0,0
28,16,8,41,34,0,0,0,0,0,0,0,0,0,0,0,0,0,0,0,0,0,0,0,0,0,0,0,0
29,18,9,41,37,1,0,2,10,2,3,0,2,2,1,2,2,5,7,0,25,1,3,3,3,1,24,0,6
30,18,9,44,38,1,0,2,10,2,3,0,2,2,1,2,2,5,7,0,27,2,3,3,4,1,24,0,6
31,18,9,44,43,1,0,2,10,2,3,0,2,2,1,2,2,5,7,0,27,2,3,4,6,2,24,0,7
32,19,10,44,43,1,1,2,10,2,3,1,2,2,1,2,2,5,7,0,27,2,3,4,6,2,24,0,7
33,19,10,46,45,1,1,2,10,2,3,1,2,2,1,2,2,6,7,0,27,2,4,4,6,2,24,2,7
34,20,12,51,48,1,2,2,10,2,3,1,3,3,1,2,2,6,7,1,27,4,6,4,6,2,25,4,7
35,22,14,53,50,1,2,3,10,3,3,1,3,5,1,2,2,6,7,1,28,4,7,6,6,2,25,4,7
36,22,14,56,50,1,2,3,10,3,3,1,3,5,1,2,2,6,7,1,30,5,7,6,6,2,25,4,7
37,22,14,58,50,1,2,3,10,3,3,1,3,5,1,2,2,7,7,1,30,5,8,6,6,2,25,4,7
38,26,16,59,50,1,2,3,13,4,3,1,3,5,2,3,2,7,7,2,30,5,8,6,6,2,25,4,7
39,27,20,59,53,1,2,3,13,4,4,1,3,7,3,4,2,7,7,2,30,5,8,6,6,2,27,4,7
40,27,20,60,53,1,2,3,13,4,4,1,3,7,3,4,2,7,7,2,30,5,9,6,6,2,27,4,7
41,27,20,60,53,1,2,3,13,4,4,1,3,7,3,4,2,7,7,2,30,5,9,6,6,2,27,4,7
42,39,20,61,53,2,2,9,15,7,4,1,3,7,3,4,2,7,7,2,31,5,9,6,6,2,27,4,7
43,39,20,64,56,2,2,9,15,7,4,1,3,7,3,4,2,7,7,2,32,5,11,6,6,2,28,4,10
44,39,20,69,58,2,2,9,15,7,4,1,3,7,3,4,2,7,7,2,37,5,11,6,6,2,30,4,10
45,50,20,72,58,2,2,12,17,12,5,1,3,7,3,4,2,7,7,2,39,5,12,6,6,2,30,4,10
46,50,20,72,58,2,2,12,17,12,5,1,3,7,3,4,2,7,7,2,39,5,12,6,6,2,30,4,10
47,55,20,72,58,2,2,15,19,12,5,1,3,7,3,4,2,7,7,2,39,5,12,6,6,2,30,4,10
48,55,20,73,60,2,2,15,19,12,5,1,3,7,3,4,2,7,7,2,40,5,12,6,6,2,32,4,10
49,55,20,82,60,2,2,15,19,12,5,1,3,7,3,4,2,9,8,2,44,5,14,6,6,2,32,4,10
50,60,23,82,62,2,4,15,22,12,5,1,4,7,4,5,2,9,8,2,44,5,14,7,6,2,32,4,11
51,60,23,84,62,2,4,15,22,12,5,1,4,7,4,5,2,9,8,2,44,6,15,7,6,2,32,4,11
52,71,24,84,62,2,4,19,27,15,5,1,4,7,5,5,2,9,8,2,44,6,15,7,6,2,32,4,11
53,76,25,84,63,2,4,20,28,17,6,1,4,8,5,5,2,9,8,2,44,6,15,7,6,2,33,4,11
54,84,27,86,65,2,4,20,33,19,7,1,4,9,5,6,2,9,8,2,46,6,15,7,6,2,34,4,12
55,85,27,88,67,2,5,20,33,19,7,1,4,9,5,6,2,9,8,2,47,6,16,7,6,2,36,4,12
56,86,27,92,69,2,5,20,33,20,7,1,4,9,5,6,2,10,8,2,49,6,17,7,6,2,37,5,12
57,88,27,92,70,2,5,20,34,20,7,1,4,9,5,6,2,10,8,2,49,6,17,7,6,2,37,5,13
58,88,27,92,70,2,5,20,34,20,7,1,4,9,5,6,2,10,8,2,49,6,17,7,6,2,37,5,13
59,88,27,93,70,2,5,20,34,20,7,1,4,9,5,6,2,10,8,2,50,6,17,7,6,2,37,5,13
60,88,27,95,71,2,5,20,34,20,7,1,4,9,5,6,2,10,9,2,51,6,17,8,6,2,37,5,13
61,88,29,96,72,2,5,20,34,20,7,1,4,9,5,8,2,10,9,2,52,6,17,8,6,2,38,5,13
62,88,29,97,73,2,5,20,34,20,7,1,4,9,5,8,2,10,9,2,52,6,18,8,6,2,39,5,13
63,90,30,97,74,2,5,20,34,21,8,1,4,9,5,8,3,10,9,2,52,6,18,8,7,2,39,5,13
64,90,30,97,74,2,5,20,34,21,8,1,4,9,5,8,3,10,9,2,52,6,18,8,7,2,39,5,13
65,90,30,97,74,2,5,20,34,21,8,1,4,9,5,8,3,10,9,2,52,6,18,8,7,2,39,5,13
66,90,30,99,74,2,5,20,34,21,8,1,4,9,5,8,3,11,9,2,53,6,18,8,7,2,39,5,13
67,90,30,103,75,2,5,20,34,21,8,1,4,9,5,8,3,11,9,3,55,7,18,8,7,2,39,6,13
68,93,33,104,75,2,6,22,34,21,8,1,4,11,6,8,3,11,10,3,55,7,18,8,7,2,39,6,13
69,93,33,104,76,2,6,22,34,21,8,1,4,11,6,8,3,11,10,3,55,7,18,8,7,2,40,6,13
70,93,33,107,77,2,6,22,34,21,8,1,4,11,6,8,3,11,10,3,56,8,19,8,7,2,40,6,14
71,93,35,108,77,2,6,22,34,21,8,1,5,11,6,9,3,11,10,3,56,8,20,8,7,2,40,6,14
72,93,35,108,77,2,6,22,34,21,8,1,5,11,6,9,3,11,10,3,56,8,20,8,7,2,40,6,14
73,93,35,109,77,2,6,22,34,21,8,1,5,11,6,9,3,11,10,3,57,8,20,8,7,2,40,6,14
74,94,35,112,77,2,7,22,34,21,8,1,5,11,6,9,3,12,11,3,58,8,20,8,7,2,40,6,14
75,94,35,112,77,2,7,22,34,21,8,1,5,11,6,9,3,12,11,3,58,8,20,8,7,2,40,6,14
76,101,35,113,77,2,7,22,38,24,8,1,5,11,6,9,3,12,11,3,59,8,20,8,7,2,40,6,14
77,101,38,118,77,2,7,22,38,24,8,1,5,11,8,10,3,12,11,3,63,9,20,8,7,2,40,6,14
78,116,43,118,78,2,8,26,41,31,8,1,8,13,8,10,3,12,11,3,63,9,20,8,8,2,40,6,14
79,116,43,118,79,2,8,26,41,31,8,1,8,13,8,10,3,12,11,3,63,9,20,8,8,2,41,6,14
80,116,43,119,80,2,8,26,41,31,8,1,8,13,8,10,3,12,12,3,63,9,20,8,8,2,42,6,14
81,116,43,120,80,2,8,26,41,31,8,1,8,13,8,10,3,13,12,3,63,9,20,8,8,2,42,6,14
82,116,43,125,82,2,8,26,41,31,8,1,8,13,8,10,3,13,12,5,64,9,22,8,8,3,43,6,14
83,116,43,125,83,2,8,26,41,31,8,1,8,13,8,10,3,13,12,5,64,9,22,9,8,3,43,6,14
84,119,49,126,84,2,8,26,41,34,8,1,8,15,10,12,3,13,12,5,65,9,22,9,8,3,43,6,15
85,121,49,128,84,2,8,26,43,34,8,1,8,15,10,12,3,15,12,5,65,9,22,9,8,3,43,6,15
86,122,49,131,84,2,8,26,43,35,8,1,8,15,10,12,3,15,12,5,67,9,22,9,8,3,43,6,15
87,123,49,131,84,2,8,26,43,36,8,1,8,15,10,12,3,15,12,5,68,9,22,9,8,3,43,6,15
88,123,49,136,84,2,8,26,43,36,8,1,8,15,10,12,3,16,12,5,71,9,23,9,8,3,43,6,15
89,123,49,138,84,2,8,26,43,36,8,1,8,15,10,12,3,16,13,5,72,9,23,9,8,3,43,6,15
90,124,49,140,86,2,8,26,44,36,8,1,8,15,10,12,3,16,13,7,72,9,23,9,8,5,43,6,15
91,124,49,140,86,2,8,26,44,36,8,1,8,15,10,12,3,16,13,7,72,9,23,9,8,5,43,6,15
92,124,49,141,87,2,8,26,44,36,8,1,8,15,10,12,3,16,13,7,73,9,23,9,8,5,44,6,15
93,125,51,142,87,2,8,26,44,36,9,1,8,16,10,12,3,16,13,7,74,9,23,9,8,5,44,6,15
94,127,52,143,88,2,8,26,46,36,9,1,8,17,10,12,3,16,13,7,75,9,23,9,8,5,45,6,15
95,128,52,146,90,2,8,26,46,37,9,1,8,17,10,12,3,16,13,7,75,12,23,9,8,5,45,8,15
96,129,52,148,90,2,8,26,46,37,10,1,8,17,10,12,3,16,13,7,77,12,23,9,8,5,45,8,15
97,129,54,150,92,2,8,26,46,37,10,1,8,18,10,14,3,16,13,9,77,12,23,9,8,7,45,8,15
98,129,55,151,92,2,8,26,46,37,10,1,8,19,10,14,3,16,13,10,77,12,23,9,8,7,45,8,15
99,130,56,154,94,2,8,26,47,37,10,1,8,20,10,14,3,16,13,13,77,12,23,9,8,9,45,8,15
100,130,56,157,95,2,8,26,47,37,10,1,8,20,10,14,3,16,13,14,79,12,23,9,8,9,46,8,15
101,130,56,158,95,2,8,26,47,37,10,1,8,20,10,14,3,16,13,15,79,12,23,9,8,9,46,8,15
102,130,56,160,96,2,8,26,47,37,10,1,8,20,10,14,3,16,13,16,80,12,23,9,8,9,47,8,15
103,130,56,161,96,2,8,26,47,37,10,1,8,20,10,14,3,16,13,16,81,12,23,9,8,9,47,8,15
104,130,56,161,96,2,8,26,47,37,10,1,8,20,10,14,3,16,13,16,81,12,23,9,8,9,47,8,15
105,133,58,164,101,2,8,29,47,37,10,1,8,22,10,14,3,16,13,16,84,12,23,9,8,9,52,8,15
106,133,58,164,102,2,8,29,47,37,10,1,8,22,10,14,3,16,13,16,84,12,23,9,8,10,52,8,15
107,133,58,167,103,2,8,29,47,37,10,1,8,22,10,14,3,16,13,17,86,12,23,9,8,10,52,9,15
108,133,58,168,103,2,8,29,47,37,10,1,8,22,10,14,3,16,13,17,87,12,23,9,8,10,52,9,15
109,133,60,172,106,2,8,29,47,37,10,1,8,23,11,14,3,16,13,19,88,13,23,9,8,11,53,10,15
110,133,60,174,107,2,8,29,47,37,10,1,8,23,11,14,3,16,13,21,88,13,23,9,8,12,53,10,15
111,133,60,175,108,2,8,29,47,37,10,1,8,23,11,14,3,16,13,22,88,13,23,9,8,13,53,10,15
112,133,60,177,108,2,8,29,47,37,10,1,8,23,11,14,3,16,13,22,90,13,23,9,8,13,53,10,15
113,133,60,177,109,2,8,29,47,37,10,1,8,23,11,14,3,16,13,22,90,13,23,9,8,13,54,10,15
114,133,60,177,110,2,8,29,47,37,10,1,8,23,11,14,3,16,13,22,90,13,23,9,8,14,54,10,15
115,134,60,177,110,2,8,30,47,37,10,1,8,23,11,14,3,16,13,22,90,13,23,9,8,14,54,10,15
116,135,60,178,112,2,8,30,48,37,10,1,8,23,11,14,3,16,13,22,91,13,23,9,9,14,55,10,15
117,135,60,178,112,2,8,30,48,37,10,1,8,23,11,14,3,16,13,22,91,13,23,9,9,14,55,10,15
118,135,60,178,112,2,8,30,48,37,10,1,8,23,11,14,3,16,13,22,91,13,23,9,9,14,55,10,15
119,135,60,178,112,2,8,30,48,37,10,1,8,23,11,14,3,16,13,22,91,13,23,9,9,14,55,10,15
120,136,60,178,112,2,8,30,48,38,10,1,8,23,11,14,3,16,13,22,91,13,23,9,9,14,55,10,15
121,136,60,178,112,2,8,30,48,38,10,1,8,23,11,14,3,16,13,22,91,13,23,9,9,14,55,10,15
122,136,60,178,112,2,8,30,48,38,20,1,8,23,11,14,3,16,13,22,91,13,23,9,9,14,55,10,15
123,136,60,178,112,2,8,30,48,38,20,1,8,23,11,14,3,16,13,22,91,13,23,9,9,14,55,10,15
124,137,63,178,112,2,8,30,49,38,20,1,8,25,12,14,3,16,13,22,91,13,23,9,9,14,55,10,15
125,138,63,178,112,2,8,30,50,38,20,1,8,25,12,14,3,16,13,22,91,13,23,9,9,14,55,10,15
126,138,63,178,112,2,8,30,50,38,20,1,8,25,12,14,3,16,13,22,91,13,23,9,9,14,55,10,15
127,138,64,178,112,2,8,30,50,38,20,1,8,25,12,15,3,16,13,22,91,13,23,9,9,14,55,10,15
128,138,64,178,112,2,8,30,50,38,20,1,8,25,12,15,3,16,13,22,91,13,23,9,9,14,55,10,15
129,138,64,178,112,2,8,30,50,38,20,1,8,25,12,15,3,16,13,22,91,13,23,9,9,14,55,10,15
130,138,64,178,112,2,8,30,50,38,20,1,8,25,12,15,3,16,13,22,91,13,23,9,9,14,55,10,15
131,138,64,178,112,2,8,30,50,38,20,1,8,25,12,15,3,16,13,22,91,13,23,9,9,14,55,10,15
132,138,64,178,112,2,8,30,50,38,20,1,8,25,12,15,3,16,13,22,91,13,23,9,9,14,55,10,15
133,138,64,178,112,2,8,30,50,38,20,1,8,25,12,15,3,16,13,22,91,13,23,9,9,14,55,10,15
134,138,64,178,112,2,8,30,50,38,20,1,8,25,12,15,3,16,13,22,91,13,23,9,9,14,55,10,15
135,138,64,178,112,2,8,30,50,38,20,1,8,25,12,14,3,16,13,22,91,13,23,9,9,14,55,10,15
136,138,64,178,112,2,8,30,50,38,20,1,8,25,12,14,3,16,13,22,91,13,23,9,9,14,55,10,15
137,138,64,178,112,2,8,30,50,38,20,1,8,25,12,14,3,16,13,22,91,13,23,9,9,14,55,10,15
138,138,64,178,112,2,8,30,50,38,20,1,8,25,12,14,3,16,13,22,91,13,23,9,9,14,55,10,15
139,138,64,178,112,2,8,30,50,38,20,1,8,25,12,14,3,16,13,22,91,13,23,9,9,14,55,10,15
140,138,64,178,112,2,8,30,50,38,20,1,8,25,12,14,3,16,13,22,91,13,23,9,9,14,55,10,15
141,138,64,178,112,2,8,30,50,38,20,1,8,25,12,14,3,16,13,22,91,13,23,9,9,14,55,10,15
142,138,64,178,112,2,8,30,50,38,20,1,8,25,12,14,3,16,13,22,91,13,23,9,9,14,55,10,15
143,138,64,178,112,2,8,30,50,38,20,1,8,25,12,14,3,16,13,22,91,13,23,9,9,14,55,10,15
144,138,64,178,112,2,8,30,50,38,20,1,8,25,12,14,3,16,13,22,91,13,23,9,9,14,55,10,15
145,138,64,178,112,2,8,30,50,38,20,1,8,25,12,14,3,16,13,22,91,13,23,9,9,14,55,10,15
146,138,64,178,112,2,8,30,50,38,20,1,8,25,12,14,3,16,13,22,91,13,23,9,9,14,55,10,15
147,138,64,178,112,2,8,30,50,38,20,1,8,25,12,14,3,16,13,22,91,13,23,9,9,14,55,10,15
148,138,64,178,112,2,8,30,50,38,20,1,8,25,12,14,3,16,13,22,91,13,23,9,9,14,55,10,15
149,138,64,178,112,2,8,30,50,38,20,1,8,25,12,14,3,16,13,22,91,13,23,9,9,14,55,10,15
150,138,64,178,112,2,8,30,50,38,20,1,8,25,12,14,3,16,13,22,91,13,23,9,9,14,55,10,15
151,138,64,178,112,2,8,30,50,38,20,1,8,25,12,14,3,16,13,22,91,13,23,9,9,14,55,10,15
152,138,64,178,112,2,8,30,50,38,20,1,8,25,12,14,3,16,13,22,91,13,23,9,9,14,55,10,15
153,138,64,178,112,2,8,30,50,38,20,1,8,25,12,14,3,16,13,22,91,13,23,9,9,14,55,10,15
154,138,64,178,112,2,8,30,50,38,20,1,8,25,12,14,3,16,13,22,91,13,23,9,9,14,55,10,15
155,138,64,178,112,2,8,30,50,38,20,1,8,25,12,14,3,16,13,22,91,13,23,9,9,14,55,10,15
156,138,64,178,112,2,8,30,50,38,20,1,8,25,12,14,3,16,13,22,91,13,23,9,9,14,55,10,15
157,138,64,178,112,2,8,30,50,38,20,1,8,25,12,14,3,16,13,22,91,13,23,9,9,14,55,10,15
158,138,64,178,112,2,8,30,50,38,20,1,8,25,12,14,3,16,13,22,91,13,23,9,9,14,55,10,15
159,138,64,178,112,2,8,30,50,38,20,1,8,25,12,14,3,16,13,22,91,13,23,9,9,14,55,10,15
160,138,64,178,112,2,8,30,50,38,20,1,8,25,12,14,3,16,13,22,91,13,23,9,9,14,55,10,15
161,138,64,178,112,2,8,30,50,38,20,1,8,25,12,14,3,16,13,22,91,13,23,9,9,14,55,10,15
162,138,64,178,112,2,8,30,50,38,20,1,8,25,12,14,3,16,13,22,91,13,23,9,9,14,55,10,15
163,138,64,178,112,2,8,30,50,38,20,1,8,25,12,14,3,16,13,22,91,13,23,9,9,14,55,10,15
164,138,64,178,112,2,8,30,50,38,20,1,8,25,12,14,3,16,13,22,91,13,23,9,9,14,55,10,15
165,138,64,178,112,2,8,30,50,38,20,1,8,25,12,14,3,16,13,22,91,13,23,9,9,14,55,10,15
166,138,64,178,112,2,8,30,50,38,20,1,8,25,12,14,3,16,13,22,91,13,23,9,9,14,55,10,15
167,138,64,178,112,2,8,30,50,38,20,1,8,25,12,14,3,16,13,22,91,13,23,9,9,14,55,10,15
168,138,64,178,112,2,8,30,50,38,20,1,8,25,12,14,3,16,13,22,91,13,23,9,9,14,55,10,15
169,138,64,178,112,2,8,30,50,38,20,1,8,25,12,14,3,16,13,22,91,13,23,9,9,14,55,10,15
170,138,64,178,112,2,8,30,50,38,20,1,8,25,12,14,3,16,13,22,91,13,23,9,9,14,55,10,15
171,138,64,178,112,2,8,30,50,38,20,1,8,25,12,14,3,16,13,22,91,13,23,9,9,14,55,10,15
172,138,64,178,112,2,8,30,50,38,20,1,8,25,12,14,3,16,13,22,91,13,23,9,9,14,55,10,15
173,138,64,178,112,2,8,30,50,38,20,1,8,25,12,14,3,16,13,22,91,13,23,9,9,14,55,10,15
174,138,64,178,112,2,8,30,50,38,20,1,8,25,12,14,3,16,13,22,91,13,23,9,9,14,55,10,15
175,138,64,178,112,2,8,30,50,38,20,1,8,25,12,14,3,16,13,22,91,13,23,9,9,14,55,10,15
176,138,64,178,112,2,8,30,50,38,20,1,8,25,12,14,3,16,13,22,91,13,23,9,9,14,55,10,15
177,138,64,178,112,2,8,30,50,38,20,1,8,25,12,14,3,16,13,22,91,13,23,9,9,14,55,10,15
178,138,64,178,112,2,8,30,50,38,20,1,8,25,12,14,3,16,13,22,91,13,23,9,9,14,55,10,15
179,138,64,178,112,2,8,30,50,38,20,1,8,25,12,14,3,16,13,22,91,13,23,9,9,14,55,10,15
180,138,64,178,112,2,8,30,50,38,20,1,8,25,12,14,3,16,13,22,91,13,23,9,9,14,55,10,15
181,138,64,178,112,2,8,30,50,38,20,1,8,25,12,14,3,16,13,22,91,13,23,9,9,14,55,10,15
182,138,64,178,112,2,8,30,50,38,20,1,8,25,12,14,3,16,13,22,91,13,23,9,9,14,55,10,15
183,138,64,178,112,2,8,30,50,38,20,1,8,25,12,14,3,16,13,22,91,13,23,9,9,14,55,10,15
184,138,64,178,112,2,8,30,50,38,20,1,8,25,12,14,3,16,13,22,91,13,23,9,9,14,55,10,15
185,138,64,178,112,2,8,30,50,38,20,1,8,25,12,14,3,16,13,22,91,13,23,9,9,14,55,10,15
186,138,64,178,112,2,8,30,50,38,20,1,8,25,12,14,3,16,13,22,91,13,23,9,9,14,55,10,15
187,138,64,178,112,2,8,30,50,38,20,1,8,25,12,14,3,16,13,22,91,13,23,9,9,14,55,10,15
188,138,64,178,112,2,8,30,50,38,20,1,8,25,12,14,3,16,13,22,91,13,23,9,9,14,55,10,15
189,138,64,178,112,2,8,30,50,38,20,1,8,25,12,14,3,16,13,22,91,13,23,9,9,14,55,10,15
190,138,64,178,112,2,8,30,50,38,20,1,8,25,12,14,3,16,13,22,91,13,23,9,9,14,55,10,15
191,138,64,178,112,2,8,30,50,38,20,1,8,25,12,14,3,16,13,22,91,13,23,9,9,14,55,10,15
192,138,64,178,112,2,8,30,50,38,20,1,8,25,12,14,3,16,13,22,91,13,23,9,9,14,55,10,15
193,138,64,178,112,2,8,30,50,38,20,1,8,25,12,14,3,16,13,22,91,13,23,9,9,14,55,10,15
194,138,64,178,112,2,8,30,50,38,20,1,8,25,12,14,3,16,13,22,91,13,23,9,9,14,55,10,15
195,138,64,178,112,2,8,30,50,38,20,1,8,25,12,14,3,16,13,22,91,13,23,9,9,14,55,10,15
196,138,64,178,112,2,8,30,50,38,20,1,8,25,12,14,3,16,13,22,91,13,23,9,9,14,55,10,15
197,138,64,178,112,2,8,30,50,38,20,1,8,25,12,14,3,16,13,22,91,13,23,9,9,14,55,10,15
198,138,64,178,112,2,8,30,50,38,20,1,8,25,12,14,3,16,13,22,91,13,23,9,9,14,55,10,15
199,138,64,178,112,2,8,30,50,38,20,1,8,25,12,14,3,16,13,22,91,13,23,9,9,14,55,10,15
200,138,64,178,112,2,8,30,50,38,20,1,8,25,12,14,3,16,13,22,91,13,23,9,9,14,55,10,15
201,138,64,178,112,2,8,30,50,38,20,1,8,25,12,14,3,16,13,22,91,13,23,9,9,14,55,10,15
202,138,64,178,112,2,8,30,50,38,20,1,8,25,12,14,3,16,13,22,91,13,23,9,9,14,55,10,15
203,138,64,178,112,2,8,30,50,38,20,1,8,25,12,14,3,16,13,22,91,13,23,9,9,14,55,10,15
204,138,64,178,112,2,8,30,50,38,20,1,8,25,12,14,3,16,13,22,91,13,23,9,9,14,55,10,15
205,138,64,178,112,2,8,30,50,38,20,1,8,25,12,14,3,16,13,22,91,13,23,9,9,14,55,10,15
206,138,64,178,112,2,8,30,50,38,20,1,8,25,12,14,3,16,13,22,91,13,23,9,9,14,55,10,15
207,138,64,178,112,2,8,30,50,38,20,1,8,25,12,14,3,16,13,22,91,13,23,9,9,14,55,10,15
208,138,64,178,112,2,8,30,50,38,20,1,8,25,12,14,3,16,13,22,91,13,23,9,9,14,55,10,15
209,138,64,178,112,2,8,30,50,38,20,1,8,25,12,14,3,16,13,22,91,13,23,9,9,14,55,10,15
210,138,64,178,112,2,8,30,50,38,20,1,8,25,12,14,3,16,13,22,91,13,23,9,9,14,55,10,15
211,138,64,178,112,2,8,30,50,38,20,1,8,25,12,14,3,16,13,22,91,13,23,9,9,14,55,10,15
212,138,64,178,112,2,8,30,50,38,20,1,8,25,12,14,3,16,13,22,91,13,23,9,9,14,55,10,15
213,138,64,178,112,2,8,30,50,38,20,1,8,25,12,14,3,16,13,22,91,13,23,9,9,14,55,10,15
214,138,64,178,112,2,8,30,50,38,20,1,8,25,12,14,3,16,13,22,91,13,23,9,9,14,55,10,15
215,138,64,178,112,2,8,30,50,38,20,1,8,25,12,14,3,16,13,22,91,13,23,9,9,14,55,10,15
216,138,64,178,112,2,8,30,50,38,20,1,8,25,12,14,3,16,13,22,91,13,23,9,9,14,55,10,15
217,138,64,178,112,2,8,30,50,38,20,1,8,25,12,14,3,16,13,22,91,13,23,9,9,14,55,10,15
218,138,64,178,112,2,8,30,50,38,20,1,8,25,12,14,3,16,13,22,91,13,23,9,9,14,55,10,15
219,138,64,178,112,2,8,30,50,38,20,1,8,25,12,14,3,16,13,22,91,13,23,9,9,14,55,10,15
220,138,64,178,112,2,8,30,50,38,20,1,8,25,12,14,3,16,13,22,91,13,23,9,9,14,55,10,15
221,138,64,178,112,2,8,30,50,38,20,1,8,25,12,14,3,16,13,22,91,13,23,9,9,14,55,10,15
222,138,64,178,112,2,8,30,50,38,20,1,8,25,12,14,3,16,13,22,91,13,23,9,9,14,55,10,15
223,138,64,178,112,2,8,30,50,38,20,1,8,25,12,14,3,16,13,22,91,13,23,9,9,14,55,10,15
224,138,64,178,112,2,8,30,50,38,20,1,8,25,12,14,3,16,13,22,91,13,23,9,9,14,55,10,15
225,138,64,178,112,2,8,30,50,38,20,1,8,25,12,14,3,16,13,22,91,13,23,9,9,14,55,10,15
226,138,64,178,112,2,8,30,50,38,20,1,8,25,12,14,3,16,13,22,91,13,23,9,9,14,55,10,15
227,138,64,178,112,2,8,30,50,38,20,1,8,25,12,14,3,16,13,22,91,13,23,9,9,14,55,10,15
228,138,64,178,112,2,8,30,50,38,20,1,8,25,12,14,3,16,13,22,91,13,23,9,9,14,55,10,15
229,138,64,178,112,2,8,30,50,38,20,1,8,25,12,14,3,16,13,22,91,13,23,9,9,14,55,10,15
230,138,64,178,112,2,8,30,50,38,20,1,8,25,12,14,3,16,13,22,91,13,23,9,9,14,55,10,15
231,138,64,178,112,2,8,30,50,38,20,1,8,25,12,14,3,16,13,22,91,13,23,9,9,14,55,10,15
232,138,64,178,112,2,8,30,50,38,20,1,8,25,12,14,3,16,13,22,91,13,23,9,9,14,55,10,15
233,138,64,178,112,2,8,30,50,38,20,1,8,25,12,14,3,16,13,22,91,13,23,9,9,14,55,10,15
234,138,64,178,112,2,8,30,50,38,20,1,8,25,12,14,3,16,13,22,91,13,23,9,9,14,55,10,15
235,138,64,178,112,2,8,30,50,38,20,1,8,25,12,14,3,16,13,22,91,13,23,9,9,14,55,10,15
236,138,64,178,112,2,8,30,50,38,20,1,8,25,12,14,3,16,13,22,91,13,23,9,9,14,55,10,15
237,138,64,178,112,2,8,30,50,38,20,1,8,25,12,14,3,16,13,22,91,13,23,9,9,14,55,10,15
238,138,64,178,112,2,8,30,50,38,20,1,8,25,12,14,3,16,13,22,91,13,23,9,9,14,55,10,15
239,138,64,178,112,2,8,30,50,38,20,1,8,25,12,14,3,16,13,22,91,13,23,9,9,14,55,10,15
240,138,64,178,112,2,8,30,50,38,20,1,8,25,12,14,3,16,13,22,91,13,23,9,9,14,55,10,15
241,138,64,178,112,2,8,30,50,38,20,1,8,25,12,14,3,16,13,22,91,13,23,9,9,14,55,10,15
242,138,64,178,112,2,8,30,50,38,20,1,8,25,12,14,3,16,13,22,91,13,23,9,9,14,55,10,15
243,138,64,178,112,2,8,30,50,38,20,1,8,25,12,14,3,16,13,22,91,13,23,9,9,14,55,10,15
244,138,64,178,112,2,8,30,50,38,20,1,8,25,12,14,3,16,13,22,91,13,23,9,9,14,55,10,15
245,138,64,178,112,2,8,30,50,38,20,1,8,25,12,14,3,16,13,22,91,13,23,9,9,14,55,10,15
246,138,64,178,112,2,8,30,50,38,20,1,8,25,12,14,3,16,13,22,91,13,23,9,9,14,55,10,15
247,138,64,178,112,2,8,30,50,38,20,1,8,25,12,14,3,16,13,22,91,13,23,9,9,14,55,10,15
248,138,64,178,112,2,8,30,50,38,20,1,8,25,12,14,3,16,13,22,91,13,23,9,9,14,55,10,15
249,138,64,178,112,2,8,30,50,38,20,1,8,25,12,14,3,16,13,22,91,13,23,9,9,14,55,10,15
250,138,64,178,112,2,8,30,50,38,20,1,8,25,12,14,3,16,13,22,91,13,23,9,9,14,55,10,15
251,138,64,178,112,2,8,30,50,38,20,1,8,25,12,14,3,16,13,22,91,13,23,9,9,14,55,10,15
252,138,64,178,112,2,8,30,50,38,20,1,8,25,12,14,3,16,13,22,91,13,23,9,9,14,55,10,15
253,138,64,178,112,2,8,30,50,38,20,1,8,25,12,14,3,16,13,22,91,13,23,9,9,14,55,10,15
254,138,64,178,112,2,8,30,50,38,20,1,8,25,12,14,3,16,13,22,91,13,23,9,9,14,55,10,15
255,138,64,178,112,2,8,30,50,38,20,1,8,25,12,14,3,16,13,22,91,13,23,9,9,14,55,10,15
256,920,900,178,112,2,8,30,50,38,20,1,8,25,12,14,3,16,13,22,91,13,23,9,9,14,55,10,15
257,920,900,178,112,2,8,30,50,38,20,1,8,25,12,14,3,16,13,22,91,13,23,9,9,14,55,10,15
258,920,900,178,112,2,8,30,50,38,20,1,8,25,12,14,3,16,13,22,91,13,23,9,9,14,55,10,15
259,920,900,178,112,2,8,30,50,38,20,1,8,25,12,14,3,16,13,22,91,13,23,9,9,14,55,10,15
260,920,900,178,112,2,8,30,50,38,20,1,8,25,12,14,3,16,13,22,91,13,23,9,9,14,55,10,15
261,920,900,178,112,2,8,30,50,38,20,1,8,25,12,14,3,16,13,22,91,13,23,9,9,14,55,10,15
262,920,900,178,112,2,8,30,50,38,20,1,8,25,12,14,3,16,13,22,91,13,23,9,9,14,55,10,15
263,920,900,178,112,2,8,30,50,38,20,1,8,25,12,14,3,16,13,22,91,13,23,9,9,14,55,10,15
264,920,900,178,112,2,8,30,50,38,20,1,8,25,12,14,3,16,13,22,91,13,23,9,9,14,55,10,15
265,920,900,178,112,2,8,30,50,38,20,1,8,25,12,14,3,16,13,22,91,13,23,9,9,14,55,10,15
266,920,900,178,112,2,8,30,50,38,20,1,8,25,12,14,3,16,13,22,91,13,23,9,9,14,55,10,15
267,920,900,178,112,2,8,30,50,38,20,1,8,25,12,14,3,16,13,22,91,13,23,9,9,14,55,10,15
268,920,900,178,112,2,8,30,50,38,20,1,8,25,12,14,3,16,13,22,91,13,23,9,9,14,55,10,15
269,920,900,178,112,2,8,30,50,38,20,1,8,25,12,14,3,16,13,22,91,13,23,9,9,14,55,10,15
270,920,900,178,112,2,8,30,50,38,20,1,8,25,12,14,3,16,13,22,91,13,23,9,9,14,55,10,15
271,920,900,178,112,2,8,30,50,38,20,1,8,25,12,14,3,16,13,22,91,13,23,9,9,14,55,10,15
272,920,900,178,112,2,8,30,50,38,20,1,8,25,12,14,3,16,13,22,91,13,23,9,9,14,55,10,15
273,920,900,178,112,2,8,30,50,38,20,1,8,25,12,14,3,16,13,22,91,13,23,9,9,14,55,10,15
274,920,900,178,112,2,8,30,50,38,20,1,8,25,12,14,3,16,13,22,91,13,23,9,9,14,55,10,15
275,920,900,178,112,2,8,30,50,38,20,1,8,25,12,14,3,16,13,22,91,13,23,9,9,14,55,10,15
276,920,900,178,112,2,8,30,50,38,20,1,8,25,12,14,3,16,13,22,91,13,23,9,9,14,55,10,15
277,920,900,178,112,2,8,30,50,38,20,1,8,25,12,14,3,16,13,22,91,13,23,9,9,14,55,10,15
278,920,900,178,112,2,8,30,50,38,20,1,8,25,12,14,3,16,13,22,91,13,23,9,9,14,55,10,15
279,920,900,178,112,2,8,30,50,38,20,1,8,25,12,14,3,16,13,22,91,13,23,9,9,14,55,10,15
280,920,900,178,112,2,8,30,50,38,20,1,8,25,12,14,3,16,13,22,91,13,23,9,9,14,55,10,15
281,920,900,178,112,2,8,30,50,38,20,1,8,25,12,14,3,16,13,22,91,13,23,9,9,14,55,10,15
282,920,900,178,112,2,8,30,50,38,20,1,8,25,12,14,3,16,13,22,91,13,23,9,9,14,55,10,15
283,920,900,178,112,2,8,30,50,38,20,1,8,25,12,14,3,16,13,22,91,13,23,9,9,14,55,10,15
284,920,900,178,112,2,8,30,50,38,20,1,8,25,12,14,3,16,13,22,91,13,23,9,9,14,55,10,15
285,920,900,178,112,2,8,30,50,38,20,1,8,25,12,14,3,16,13,22,91,13,23,9,9,14,55,10,15
286,920,900,178,112,2,8,30,50,38,20,1,8,25,12,14,3,16,13,22,91,13,23,9,9,14,55,10,15
287,920,900,178,112,2,8,30,50,38,20,1,8,25,12,14,3,16,13,22,91,13,23,9,9,14,55,10,15
288,920,900,178,112,2,8,30,50,38,20,1,8,25,12,14,3,16,13,22,91,13,23,9,9,14,55,10,15
289,920,900,178,112,2,8,30,50,38,20,1,8,25,12,14,3,16,13,22,91,13,23,9,9,14,55,10,15
290,920,900,178,112,2,8,30,50,38,20,1,8,25,12,14,3,16,13,22,91,13,23,9,9,14,55,10,15
291,920,900,178,112,2,8,30,50,38,20,1,8,25,12,14,3,16,13,22,91,13,23,9,9,14,55,10,15
292,920,900,178,112,2,8,30,50,38,20,1,8,25,12,14,3,16,13,22,91,13,23,9,9,14,55,10,15
293,920,900,178,112,2,8,30,50,38,20,1,8,25,12,14,3,16,13,22,91,13,23,9,9,14,55,10,15
294,920,900,178,112,2,8,30,50,38,20,1,8,25,12,14,3,16,13,22,91,13,23,9,9,14,55,10,15
295,920,900,178,112,2,8,30,50,38,20,1,8,25,12,14,3,16,13,22,91,13,23,9,9,14,55,10,15
296,920,900,178,112,2,8,30,50,38,20,1,8,25,12,14,3,16,13,22,91,13,23,9,9,14,55,10,15
297,920,900,178,112,2,8,30,50,38,20,1,8,25,12,14,3,16,13,22,91,13,23,9,9,14,55,10,15
298,920,900,178,112,2,8,30,50,38,20,1,8,25,12,14,3,16,13,22,91,13,23,9,9,14,55,10,15
299,920,900,178,112,2,8,30,50,38,20,1,8,25,12,14,3,16,13,22,91,13,23,9,9,14,55,10,15
300,920,900,178,112,2,8,30,50,38,20,1,8,25,12,14,3,16,13,22,91,13,23,9,9,14,55,10,15
301,920,900,178,112,2,8,30,50,38,20,1,8,25,12,14,3,16,13,22,91,13,23,9,9,14,55,10,15
302,920,900,178,112,2,8,30,50,38,20,1,8,25,12,14,3,16,13,22,91,13,23,9,9,14,55,10,15
303,920,900,178,112,2,8,30,50,38,20,1,8,25,12,14,3,16,13,22,91,13,23,9,9,14,55,10,15
304,920,900,178,112,2,8,30,50,38,20,1,8,25,12,14,3,16,13,22,91,13,23,9,9,14,55,10,15
305,920,900,178,112,2,8,30,50,38,20,1,8,25,12,14,3,16,13,22,91,13,23,9,9,14,55,10,15
306,920,900,178,112,2,8,30,50,38,20,1,8,25,12,14,3,16,13,22,91,13,23,9,9,14,55,10,15
307,920,900,178,112,2,8,30,50,38,20,1,8,25,12,14,3,16,13,22,91,13,23,9,9,14,55,10,15
308,920,900,178,112,2,8,30,50,38,20,1,8,25,12,14,3,16,13,22,91,13,23,9,9,14,55,10,15
309,920,900,178,112,2,8,30,50,38,20,1,8,25,12,14,3,16,13,22,91,13,23,9,9,14,55,10,15
310,920,900,178,112,2,8,30,50,38,20,1,8,25,12,14,3,16,13,22,91,13,23,9,9,14,55,10,15
311,920,900,178,112,2,8,30,50,38,20,1,8,25,12,14,3,16,13,22,91,13,23,9,9,14,55,10,15
312,920,900,178,112,2,8,30,50,38,20,1,8,25,12,14,3,16,13,22,91,13,23,9,9,14,55,10,15
313,920,900,178,112,2,8,30,50,38,20,1,8,25,12,14,3,16,13,22,91,13,23,9,9,14,55,10,15
314,920,900,178,112,2,8,30,50,38,20,1,8,25,12,14,3,16,13,22,91,13,23,9,9,14,55,10,15
315,920,900,178,112,2,8,30,50,38,20,1,8,25,12,14,3,16,13,22,91,13,23,9,9,14,55,10,15
316,920,900,178,112,2,8,30,50,38,20,1,8,25,12,14,3,16,13,22,91,13,23,9,9,14,55,10,15
317,920,900,178,112,2,8,30,50,38,20,1,8,25,12,14,3,16,13,22,91,13,23,9,9,14,55,10,15
318,920,900,178,112,2,8,30,50,38,20,1,8,25,12,14,3,16,13,22,91,13,23,9,9,14,55,10,15
319,920,900,178,112,2,8,30,50,38,20,1,8,25,12,14,3,16,13,22,91,13,23,9,9,14,55,10,15
320,920,900,178,112,2,8,30,50,38,20,1,8,25,12,14,3,16,13,22,91,13,23,9,9,14,55,10,15
321,920,900,178,112,2,8,30,50,38,20,1,8,25,12,14,3,16,13,22,91,13,23,9,9,14,55,10,15
322,920,900,178,112,2,8,30,50,38,20,1,8,25,12,14,3,16,13,22,91,13,23,9,9,14,55,10,15
323,920,900,178,112,2,8,30,50,38,20,1,8,25,12,14,3,16,13,22,91,13,23,9,9,14,55,10,15
324,920,900,178,112,2,8,30,50,38,20,1,8,25,12,14,3,16,13,22,91,13,23,9,9,14,55,10,15
325,920,900,178,112,2,8,30,50,38,20,1,8,25,12,14,3,16,13,22,91,13,23,9,9,14,55,10,15
326,920,900,178,112,2,8,30,50,38,20,1,8,25,12,14,3,16,13,22,91,13,23,9,9,14,55,10,15
327,920,900,178,112,2,8,30,50,38,20,1,8,25,12,14,3,16,13,22,91,13,23,9,9,14,55,10,15
328,920,900,178,112,2,8,30,50,38,20,1,8,25,12,14,3,16,13,22,91,13,23,9,9,14,55,10,15
329,920,900,178,112,2,8,30,50,38,20,1,8,25,12,14,3,16,13,22,91,13,23,9,9,14,55,10,15
330,920,900,178,112,2,8,30,50,38,20,1,8,25,12,14,3,16,13,22,91,13,23,9,9,14,55,10,15
331,920,900,178,112,2,8,30,50,38,20,1,8,25,12,14,3,16,13,22,91,13,23,9,9,14,55,10,15
332,920,900,178,112,2,8,30,50,38,20,1,8,25,12,14,3,16,13,22,91,13,23,9,9,14,55,10,15
333,920,900,178,112,2,8,30,50,38,20,1,8,25,12,14,3,16,13,22,91,13,23,9,9,14,55,10,15
334,920,900,178,112,2,8,30,50,38,20,1,8,25,12,14,3,16,13,22,91,13,23,9,9,14,55,10,15
335,920,900,178,112,2,8,30,50,38,20,1,8,25,12,14,3,16,13,22,91,13,23,9,9,14,55,10,15
336,920,900,178,112,2,8,30,50,38,20,1,8,25,12,14,3,16,13,22,91,13,23,9,9,14,55,10,15
337,920,900,178,112,2,8,30,50,38,20,1,8,25,12,14,3,16,13,22,91,13,23,9,9,14,55,10,15
338,920,900,178,112,2,8,30,50,38,20,1,8,25,12,14,3,16,13,22,91,13,23,9,9,14,55,10,15
339,920,900,178,112,2,8,30,50,38,20,1,8,25,12,14,3,16,13,22,91,13,23,9,9,14,55,10,15
340,920,900,178,112,2,8,30,50,38,20,1,8,25,12,14,3,16,13,22,91,13,23,9,9,14,55,10,15
341,920,900,178,112,2,8,30,50,38,20,1,8,25,12,14,3,16,13,22,91,13,23,9,9,14,55,10,15
342,920,900,178,112,2,8,30,50,38,20,1,8,25,12,14,3,16,13,22,91,13,23,9,9,14,55,10,15
343,920,900,178,112,2,8,30,50,38,20,1,8,25,12,14,3,16,13,22,91,13,23,9,9,14,55,10,15
344,920,900,178,112,2,8,30,50,38,20,1,8,25,12,14,3,16,13,22,91,13,23,9,9,14,55,10,15
345,920,900,178,112,2,8,30,50,38,20,1,8,25,12,14,3,16,13,22,91,13,23,9,9,14,55,10,15
346,920,900,178,112,2,8,30,50,38,20,1,8,25,12,14,3,16,13,22,91,13,23,9,9,14,55,10,15
347,920,900,178,112,2,8,30,50,38,20,1,8,25,12,14,3,16,13,22,91,13,23,9,9,14,55,10,15
348,920,900,178,112,2,8,30,50,38,20,1,8,25,12,14,3,16,13,22,91,13,23,9,9,14,55,10,15
349,920,900,178,112,2,8,30,50,38,20,1,8,25,12,14,3,16,13,22,91,13,23,9,9,14,55,10,15
350,920,900,178,112,2,8,30,50,38,20,1,8,25,12,14,3,16,13,22,91,13,23,9,9,14,55,10,15
351,920,900,178,112,2,8,30,50,38,20,1,8,25,12,14,3,16,13,22,91,13,23,9,9,14,55,10,15
352,920,900,178,112,2,8,30,50,38,20,1,8,25,12,14,3,16,13,22,91,13,23,9,9,14,55,10,15
353,920,900,178,112,2,8,30,50,38,20,1,8,25,12,14,3,16,13,22,91,13,23,9,9,14,55,10,15
354,920,900,178,112,2,8,30,50,38,20,1,8,25,12,14,3,16,13,22,91,13,23,9,9,14,55,10,15
355,920,900,178,112,2,8,30,50,38,20,1,8,25,12,14,3,16,13,22,91,13,23,9,9,14,55,10,15
356,920,900,178,112,2,8,30,50,38,20,1,8,25,12,14,3,16,13,22,91,13,23,9,9,14,55,10,15
357,920,900,178,112,2,8,30,50,38,20,1,8,25,12,14,3,16,13,22,91,13,23,9,9,14,55,10,15
358,920,900,178,112,2,8,30,50,38,20,1,8,25,12,14,3,16,13,22,91,13,23,9,9,14,55,10,15
359,920,900,178,112,2,8,30,50,38,20,1,8,25,12,14,3,16,13,22,91,13,23,9,9,14,55,10,15
360,920,900,178,112,2,8,30,50,38,20,1,8,25,12,14,3,16,13,22,91,13,23,9,9,14,55,10,15
361,920,900,178,112,2,8,30,50,38,20,1,8,25,12,14,3,16,13,22,91,13,23,9,9,14,55,10,15
362,920,900,178,112,2,8,30,50,38,20,1,8,25,12,14,3,16,13,22,91,13,23,9,9,14,55,10,15
363,920,900,178,112,2,8,30,50,38,20,1,8,25,12,14,3,16,13,22,91,13,23,9,9,14,55,10,15
364,920,900,178,112,2,8,30,50,38,20,1,8,25,12,14,3,16,13,22,91,13,23,9,9,14,55,10,15
365,920,900,178,112,2,8,30,50,38,20,1,8,25,12,14,3,16,13,22,91,13,23,9,9,14,55,10,15
366,920,900,178,112,2,8,30,50,38,20,1,8,25,12,14,3,16,13,22,91,13,23,9,9,14,55,10,15
367,920,900,178,112,2,8,30,50,38,20,1,8,25,12,14,3,16,13,22,91,13,23,9,9,14,55,10,15
368,920,900,178,112,2,8,30,50,38,20,1,8,25,12,14,3,16,13,22,91,13,23,9,9,14,55,10,15
369,920,900,178,112,2,8,30,50,38,20,1,8,25,12,14,3,16,13,22,91,13,23,9,9,14,55,10,15
370,920,900,178,112,2,8,30,50,38,20,1,8,25,12,14,3,16,13,22,91,13,23,9,9,14,55,10,15
371,920,900,178,112,2,8,30,50,38,20,1,8,25,12,14,3,16,13,22,91,13,23,9,9,14,55,10,15
372,920,900,178,112,2,8,30,50,38,20,1,8,25,12,14,3,16,13,22,91,13,23,9,9,14,55,10,15
373,920,900,178,112,2,8,30,50,38,20,1,8,25,12,14,3,16,13,22,91,13,23,9,9,14,55,10,15
374,920,900,178,112,2,8,30,50,38,20,1,8,25,12,14,3,16,13,22,91,13,23,9,9,14,55,10,15
375,920,900,178,112,2,8,30,50,38,20,1,8,25,12,14,3,16,13,22,91,13,23,9,9,14,55,10,15
376,920,900,178,112,2,8,30,50,38,20,1,8,25,12,14,3,16,13,22,91,13,23,9,9,14,55,10,15
377,920,900,178,112,2,8,30,50,38,20,1,8,25,12,14,3,16,13,22,91,13,23,9,9,14,55,10,15
378,920,900,178,112,2,8,30,50,38,20,1,8,25,12,14,3,16,13,22,91,13,23,9,9,14,55,10,15
379,920,900,178,112,2,8,30,50,38,20,1,8,25,12,14,3,16,13,22,91,13,23,9,9,14,55,10,15
380,920,900,178,112,2,8,30,50,38,20,1,8,25,12,14,3,16,13,22,91,13,23,9,9,14,55,10,15
381,920,900,178,112,2,8,30,50,38,20,1,8,25,12,14,3,16,13,22,91,13,23,9,9,14,55,10,15
382,920,900,178,112,2,8,30,50,38,20,1,8,25,12,14,3,16,13,22,91,13,23,9,9,14,55,10,15
383,920,900,178,112,2,8,30,50,38,20,1,8,25,12,14,3,16,13,22,91,13,23,9,9,14,55,10,15
384,920,900,178,112,2,8,30,50,38,20,1,8,25,12,14,3,16,13,22,91,13,23,9,9,14,55,10,15
385,920,900,178,112,2,8,30,50,38,20,1,8,25,12,14,3,16,13,22,91,13,23,9,9,14,55,10,15
386,920,900,178,112,2,8,30,50,38,20,1,8,25,12,14,3,16,13,22,91,13,23,9,9,14,55,10,15
387,920,900,178,112,2,8,30,50,38,20,1,8,25,12,14,3,16,13,22,91,13,23,9,9,14,55,10,15
388,920,900,178,112,2,8,30,50,38,20,1,8,25,12,14,3,16,13,22,91,13,23,9,9,14,55,10,15
389,920,900,178,112,2,8,30,50,38,20,1,8,25,12,14,3,16,13,22,91,13,23,9,9,14,55,10,15
390,920,900,178,112,2,8,30,50,38,20,1,8,25,12,14,3,16,13,22,91,13,23,9,9,14,55,10,15
391,920,900,178,112,2,8,30,50,38,20,1,8,25,12,14,3,16,13,22,91,13,23,9,9,14,55,10,15
392,920,900,178,112,2,8,30,50,38,20,1,8,25,12,14,3,16,13,22,91,13,23,9,9,14,55,10,15
393,920,900,178,112,2,8,30,50,38,20,1,8,25,12,14,3,16,13,22,91,13,23,9,9,14,55,10,15
394,920,900,178,112,2,8,30,50,38,20,1,8,25,12,14,3,16,13,22,91,13,23,9,9,14,55,10,15
395,920,900,178,112,2,8,30,50,38,20,1,8,25,12,14,3,16,13,22,91,13,23,9,9,14,55,10,15
396,920,900,178,112,2,8,30,50,38,20,1,8,25,12,14,3,16,13,22,91,13,23,9,9,14,55,10,15
397,920,900,178,112,2,8,30,50,38,20,1,8,25,12,14,3,16,13,22,91,13,23,9,9,14,55,10,15
398,920,900,178,112,2,8,30,50,38,20,1,8,25,12,14,3,16,13,22,91,13,23,9,9,14,55,10,15
399,920,900,178,112,2,8,30,50,38,20,1,8,25,12,14,3,16,13,22,91,13,23,9,9,14,55,10,15
400,920,900,178,112,2,8,30,50,38,20,1,8,25,12,14,3,16,13,22,91,13,23,9,9,14,55,10,15
401,920,900,178,112,2,8,30,50,38,20,1,8,25,12,14,3,16,13,22,91,13,23,9,9,14,55,10,15
402,920,900,178,112,2,8,30,50,38,20,1,8,25,12,14,3,16,13,22,91,13,23,9,9,14,55,10,15
403,920,900,178,112,2,8,30,50,38,20,1,8,25,12,14,3,16,13,22,91,13,23,9,9,14,55,10,15
404,920,900,178,112,2,8,30,50,38,20,1,8,25,12,14,3,16,13,22,91,13,23,9,9,14,55,10,15
405,920,900,178,112,2,8,30,50,38,20,1,8,25,12,14,3,16,13,22,91,13,23,9,9,14,55,10,15
406,920,900,178,112,2,8,30,50,38,20,1,8,25,12,14,3,16,13,22,91,13,23,9,9,14,55,10,15
407,920,900,178,112,2,8,30,50,38,20,1,8,25,12,14,3,16,13,22,91,13,23,9,9,14,55,10,15
408,920,900,178,112,2,8,30,50,38,20,1,8,25,12,14,3,16,13,22,91,13,23,9,9,14,55,10,15
409,920,900,178,112,2,8,30,50,38,20,1,8,25,12,14,3,16,13,22,91,13,23,9,9,14,55,10,15
410,920,900,178,112,2,8,30,50,38,20,1,8,25,12,14,3,16,13,22,91,13,23,9,9,14,55,10,15
411,920,900,178,112,2,8,30,50,38,20,1,8,25,12,14,3,16,13,22,91,13,23,9,9,14,55,10,15
412,920,900,178,112,2,8,30,50,38,20,1,8,25,12,14,3,16,13,22,91,13,23,9,9,14,55,10,15
413,920,900,178,112,2,8,30,50,38,20,1,8,25,12,14,3,16,13,22,91,13,23,9,9,14,55,10,15
414,920,900,178,112,2,8,30,50,38,20,1,8,25,12,14,3,16,13,22,91,13,23,9,9,14,55,10,15
415,920,900,178,112,2,8,30,50,38,20,1,8,25,12,14,3,16,13,22,91,13,23,9,9,14,55,10,15
416,920,900,178,112,2,8,30,50,38,20,1,8,25,12,14,3,16,13,22,91,13,23,9,9,14,55,10,15
417,920,900,178,112,2,8,30,50,38,20,1,8,25,12,14,3,16,13,22,91,13,23,9,9,14,55,10,15
418,920,900,178,112,2,8,30,50,38,20,1,8,25,12,14,3,16,13,22,91,13,23,9,9,14,55,10,15
419,920,900,178,112,2,8,30,50,38,20,1,8,25,12,14,3,16,13,22,91,13,23,9,9,14,55,10,15
420,920,900,178,112,2,8,30,50,38,20,1,8,25,12,14,3,16,13,22,91,13,23,9,9,14,55,10,15
421,920,900,178,112,2,8,30,50,38,20,1,8,25,12,14,3,16,13,22,91,13,23,9,9,14,55,10,15
422,920,900,178,112,2,8,30,50,38,20,1,8,25,12,14,3,16,13,22,91,13,23,9,9,14,55,10,15
423,920,900,178,112,2,8,30,50,38,20,1,8,25,12,14,3,16,13,22,91,13,23,9,9,14,55,10,15
424,920,900,178,112,2,8,30,50,38,20,1,8,25,12,14,3,16,13,22,91,13,23,9,9,14,55,10,15
425,920,900,178,112,2,8,30,50,38,20,1,8,25,12,14,3,16,13,22,91,13,23,9,9,14,55,10,15
426,920,900,178,112,2,8,30,50,38,20,1,8,25,12,14,3,16,13,22,91,13,23,9,9,14,55,10,15
427,920,900,178,112,2,8,30,50,38,20,1,8,25,12,14,3,16,13,22,91,13,23,9,9,14,55,10,15
428,920,900,178,112,2,8,30,50,38,20,1,8,25,12,14,3,16,13,22,91,13,23,9,9,14,55,10,15
429,920,900,178,112,2,8,30,50,38,20,1,8,25,12,14,3,16,13,22,91,13,23,9,9,14,55,10,15
430,920,900,178,112,2,8,30,50,38,20,1,8,25,12,14,3,16,13,22,91,13,23,9,9,14,55,10,15
431,920,900,178,112,2,8,30,50,38,20,1,8,25,12,14,3,16,13,22,91,13,23,9,9,14,55,10,15
432,920,900,178,112,2,8,30,50,38,20,1,8,25,12,14,3,16,13,22,91,13,23,9,9,14,55,10,15
433,920,900,178,112,2,8,30,50,38,20,1,8,25,12,14,3,16,13,22,91,13,23,9,9,14,55,10,15
434,920,900,178,112,2,8,30,50,38,20,1,8,25,12,14,3,16,13,22,91,13,23,9,9,14,55,10,15
435,920,900,178,112,2,8,30,50,38,20,1,8,25,12,14,3,16,13,22,91,13,23,9,9,14,55,10,15
436,920,900,178,112,2,8,30,50,38,20,1,8,25,12,14,3,16,13,22,91,13,23,9,9,14,55,10,15
437,920,900,178,112,2,8,30,50,38,20,1,8,25,12,14,3,16,13,22,91,13,23,9,9,14,55,10,15
438,920,900,178,112,2,8,30,50,38,20,1,8,25,12,14,3,16,13,22,91,13,23,9,9,14,55,10,15
439,920,900,178,112,2,8,30,50,38,20,1,8,25,12,14,3,16,13,22,91,13,23,9,9,14,55,10,15
440,920,900,178,112,2,8,30,50,38,20,1,8,25,12,14,3,16,13,22,91,13,23,9,9,14,55,10,15
441,920,900,178,112,2,8,30,50,38,20,1,8,25,12,14,3,16,13,22,91,13,23,9,9,14,55,10,15
442,920,900,178,112,2,8,30,50,38,20,1,8,25,12,14,3,16,13,22,91,13,23,9,9,14,55,10,15
443,920,900,178,112,2,8,30,50,38,20,1,8,25,12,14,3,16,13,22,91,13,23,9,9,14,55,10,15
444,920,900,178,112,2,8,30,50,38,20,1,8,25,12,14,3,16,13,22,91,13,23,9,9,14,55,10,15
445,920,900,178,112,2,8,30,50,38,20,1,8,25,12,14,3,16,13,22,91,13,23,9,9,14,55,10,15
446,920,900,178,112,2,8,30,50,38,20,1,8,25,12,14,3,16,13,22,91,13,23,9,9,14,55,10,15
447,920,900,178,112,2,8,30,50,38,20,1,8,25,12,14,3,16,13,22,91,13,23,9,9,14,55,10,15
448,920,900,178,112,2,8,30,50,38,20,1,8,25,12,14,3,16,13,22,91,13,23,9,9,14,55,10,15
449,920,900,178,112,2,8,30,50,38,20,1,8,25,12,14,3,16,13,22,91,13,23,9,9,14,55,10,15
450,920,900,178,112,2,8,30,50,38,20,1,8,25,12,14,3,16,13,22,91,13,23,9,9,14,55,10,15
451,920,900,178,112,2,8,30,50,38,20,1,8,25,12,14,3,16,13,22,91,13,23,9,9,14,55,10,15
452,920,900,178,112,2,8,30,50,38,20,1,8,25,12,14,3,16,13,22,91,13,23,9,9,14,55,10,15
453,920,900,178,112,2,8,30,50,38,20,1,8,25,12,14,3,16,13,22,91,13,23,9,9,14,55,10,15
454,920,900,178,112,2,8,30,50,38,20,1,8,25,12,14,3,16,13,22,91,13,23,9,9,14,55,10,15
455,920,900,178,112,2,8,30,50,38,20,1,8,25,12,14,3,16,13,22,91,13,23,9,9,14,55,10,15
456,920,900,178,112,2,8,30,50,38,20,1,8,25,12,14,3,16,13,22,91,13,23,9,9,14,55,10,15
457,920,900,178,112,2,8,30,50,38,20,1,8,25,12,14,3,16,13,22,91,13,23,9,9,14,55,10,15
458,920,900,178,112,2,8,30,50,38,20,1,8,25,12,14,3,16,13,22,91,13,23,9,9,14,55,10,15
459,920,900,178,112,2,8,30,50,38,20,1,8,25,12,14,3,16,13,22,91,13,23,9,9,14,55,10,15
460,920,900,178,112,2,8,30,50,38,20,1,8,25,12,14,3,16,13,22,91,13,23,9,9,14,55,10,15
461,920,900,178,112,2,8,30,50,38,20,1,8,25,12,14,3,16,13,22,91,13,23,9,9,14,55,10,15
462,920,900,178,112,2,8,30,50,38,20,1,8,25,12,14,3,16,13,22,91,13,23,9,9,14,55,10,15
463,920,900,178,112,2,8,30,50,38,20,1,8,25,12,14,3,16,13,22,91,13,23,9,9,14,55,10,15
464,920,900,178,112,2,8,30,50,38,20,1,8,25,12,14,3,16,13,22,91,13,23,9,9,14,55,10,15
465,920,900,178,112,2,8,30,50,38,20,1,8,25,12,14,3,16,13,22,91,13,23,9,9,14,55,10,15
466,920,900,178,112,2,8,30,50,38,20,1,8,25,12,14,3,16,13,22,91,13,23,9,9,14,55,10,15
467,920,900,178,112,2,8,30,50,38,20,1,8,25,12,14,3,16,13,22,91,13,23,9,9,14,55,10,15
468,920,900,178,112,2,8,30,50,38,20,1,8,25,12,14,3,16,13,22,91,13,23,9,9,14,55,10,15
469,920,900,178,112,2,8,30,50,38,20,1,8,25,12,14,3,16,13,22,91,13,23,9,9,14,55,10,15
470,920,900,178,112,2,8,30,50,38,20,1,8,25,12,14,3,16,13,22,91,13,23,9,9,14,55,10,15
471,920,900,178,112,2,8,30,50,38,20,1,8,25,12,14,3,16,13,22,91,13,23,9,9,14,55,10,15
472,920,900,178,112,2,8,30,50,38,20,1,8,25,12,14,3,16,13,22,91,13,23,9,9,14,55,10,15
473,920,900,178,112,2,8,30,50,38,20,1,8,25,12,14,3,16,13,22,91,13,23,9,9,14,55,10,15
474,920,900,178,112,2,8,30,50,38,20,1,8,25,12,14,3,16,13,22,91,13,23,9,9,14,55,10,15
475,920,900,178,112,2,8,30,50,38,20,1,8,25,12,14,3,16,13,22,91,13,23,9,9,14,55,10,15
476,920,900,178,112,2,8,30,50,38,20,1,8,25,12,14,3,16,13,22,91,13,23,9,9,14,55,10,15
477,920,900,178,112,2,8,30,50,38,20,1,8,25,12,14,3,16,13,22,91,13,23,9,9,14,55,10,15
478,920,900,178,112,2,8,30,50,38,20,1,8,25,12,14,3,16,13,22,91,13,23,9,9,14,55,10,15
479,920,900,178,112,2,8,30,50,38,20,1,8,25,12,14,3,16,13,22,91,13,23,9,9,14,55,10,15
480,920,900,178,112,2,8,30,50,38,20,1,8,25,12,14,3,16,13,22,91,13,23,9,9,14,55,10,15
481,920,900,178,112,2,8,30,50,38,20,1,8,25,12,14,3,16,13,22,91,13,23,9,9,14,55,10,15
482,920,900,178,112,2,8,30,50,38,20,1,8,25,12,14,3,16,13,22,91,13,23,9,9,14,55,10,15
483,920,900,178,112,2,8,30,50,38,20,1,8,25,12,14,3,16,13,22,91,13,23,9,9,14,55,10,15
484,920,900,178,112,2,8,30,50,38,20,1,8,25,12,14,3,16,13,22,91,13,23,9,9,14,55,10,15
485,920,900,178,112,2,8,30,50,38,20,1,8,25,12,14,3,16,13,22,91,13,23,9,9,14,55,10,15
486,920,900,178,112,2,8,30,50,38,20,1,8,25,12,14,3,16,13,22,91,13,23,9,9,14,55,10,15
487,920,900,178,112,2,8,30,50,38,20,1,8,25,12,14,3,16,13,22,91,13,23,9,9,14,55,10,15
488,920,900,178,112,2,8,30,50,38,20,1,8,25,12,14,3,16,13,22,91,13,23,9,9,14,55,10,15
489,920,900,178,112,2,8,30,50,38,20,1,8,25,12,14,3,16,13,22,91,13,23,9,9,14,55,10,15
490,920,900,178,112,2,8,30,50,38,20,1,8,25,12,14,3,16,13,22,91,13,23,9,9,14,55,10,15
491,920,900,178,112,2,8,30,50,38,20,1,8,25,12,14,3,16,13,22,91,13,23,9,9,14,55,10,15