day,date,cumulative_positive,cumulative_recovered,cumulative_deceased,cumulative_under_treatment,daily_positive_case,daily_recovered_case,daily_deceased_case,daily_under_treatment_case,created_at,updated_at
1,2020-03-02 00:00:00,2,0,0,2,2,0,0,2,,
2,2020-03-03 00:00:00,2,0,0,2,0,0,0,0,,
3,2020-03-04 00:00:00,2,0,0,2,0,0,0,0,,
4,2020-03-05 00:00:00,2,0,0,2,0,0,0,0,,
5,2020-03-06 00:00:00,4,0,0,4,2,0,0,2,,
6,2020-03-07 00:00:00,4,0,0,4,0,0,0,0,,
7,2020-03-08 00:00:00,6,0,0,6,2,0,0,2,,
8,2020-03-09 00:00:00,19,0,0,19,13,0,0,13,,
9,2020-03-10 00:00:00,27,2,0,25,8,2,0,6,,
10,2020-03-11 00:00:00,34,2,1,31,7,0,1,6,,
11,2020-03-12 00:00:00,34,2,1,31,0,0,0,0,,
12,2020-03-13 00:00:00,69,2,4,63,35,0,3,32,,
13,2020-03-14 00:00:00,96,8,5,83,27,6,1,20,,
14,2020-03-15 00:00:00,117,8,5,104,21,0,0,21,,
15,2020-03-16 00:00:00,134,8,5,121,17,0,0,17,,
16,2020-03-17 00:00:00,172,9,5,158,38,1,0,37,,
17,2020-03-18 00:00:00,227,11,19,197,55,2,14,39,,
18,2020-03-19 00:00:00,309,15,25,269,82,4,6,72,,
19,2020-03-20 00:00:00,369,17,32,320,60,2,7,51,,
20,2020-03-21 00:00:00,450,20,38,392,81,3,6,72,,
21,2020-03-22 00:00:00,514,29,48,437,64,9,10,45,,
22,2020-03-23 00:00:00,579,30,49,500,65,1,1,63,,
23,2020-03-24 00:00:00,686,30,55,601,106,0,6,101,,
24,2020-03-25 00:00:00,790,31,58,701,105,1,3,100,,
25,2020-03-26 00:00:00,893,35,78,780,103,4,20,79,,
26,2020-03-27 00:00:00,1046,46,87,913,153,11,9,133,,
27,2020-03-28 00:00:00,1155,59,102,994,109,13,15,81,,
28,2020-03-29 00:00:00,1285,64,114,1107,130,5,12,113,,
29,2020-03-30 00:00:00,1414,75,122,1217,129,11,8,110,,
30,2020-03-31 00:00:00,1528,81,136,1311,114,6,14,94,,
31,2020-04-01 00:00:00,1677,103,157,1417,149,22,21,106,,
32,2020-04-02 00:00:00,1790,112,170,1508,113,9,13,91,,
33,2020-04-03 00:00:00,1986,134,181,1671,196,22,11,163,,
34,2020-04-04 00:00:00,2092,150,191,1751,106,16,10,80,,
35,2020-04-05 00:00:00,2273,164,198,1911,181,14,7,160,,
36,2020-04-06 00:00:00,2491,192,209,2090,218,28,11,179,,
37,2020-04-07 00:00:00,2738,204,221,2313,247,12,12,223,,
38,2020-04-08 00:00:00,2956,222,240,2494,218,18,19,181,,
39,2020-04-09 00:00:00,3293,252,280,2761,337,30,40,267,,
40,2020-04-10 00:00:00,3512,282,306,2924,219,30,26,163,,
41,2020-04-11 00:00:00,3842,286,327,3229,330,4,21,305,,
42,2020-04-12 00:00:00,4241,359,373,3509,399,73,46,280,,
43,2020-04-13 00:00:00,4557,380,399,3778,316,21,26,269,,
44,2020-04-14 00:00:00,4839,426,459,3954,282,46,60,176,,
45,2020-04-15 00:00:00,5136,446,469,4221,297,20,10,267,,
46,2020-04-16 00:00:00,5516,548,496,4472,380,102,27,251,,
47,2020-04-17 00:00:00,5923,607,520,4796,407,59,24,324,,
48,2020-04-18 00:00:00,6248,631,535,5082,325,24,15,286,,
49,2020-04-19 00:00:00,6575,686,582,5307,327,55,47,225,,
50,2020-04-20 00:00:00,6760,747,590,5423,185,61,8,116,,
51,2020-04-21 00:00:00,7135,842,616,5677,375,95,26,254,,
52,2020-04-22 00:00:00,7418,913,635,5870,283,71,19,193,,
53,2020-04-23 00:00:00,7775,960,647,6168,357,47,12,298,,
54,2020-04-24 00:00:00,8211,1002,689,6520,436,42,42,352,,
55,2020-04-25 00:00:00,8607,1042,720,6845,396,40,31,325,,
56,2020-04-26 00:00:00,8882,1107,743,7032,275,65,23,187,,
57,2020-04-27 00:00:00,9096,1151,765,7180,214,44,22,148,,
58,2020-04-28 00:00:00,9511,1254,773,7484,415,103,8,304,,
59,2020-04-29 00:00:00,9771,1391,784,7596,260,137,11,112,,
60,2020-04-30 00:00:00,10118,1522,792,7804,347,131,8,208,,
61,2020-05-01 00:00:00,10551,1591,800,8160,433,69,8,356,,
62,2020-05-02 00:00:00,10843,1665,831,8347,292,74,31,187,,
63,2020-05-03 00:00:00,11192,1876,845,8471,349,211,14,124,,
64,2020-05-04 00:00:00,11587,1954,864,8769,395,78,19,298,,
65,2020-05-05 00:00:00,12071,2197,872,9002,484,243,8,233,,
66,2020-05-06 00:00:00,12438,2317,895,9226,367,120,23,224,,
67,2020-05-07 00:00:00,12776,2381,930,9465,338,64,35,239,,
68,2020-05-08 00:00:00,13112,2494,943,9675,336,113,13,210,,
69,2020-05-09 00:00:00,13645,2607,959,10079,533,113,16,404,,
70,2020-05-10 00:00:00,14032,2698,973,10361,387,91,14,282,,
71,2020-05-11 00:00:00,14265,2881,991,10393,233,183,18,32,,
72,2020-05-12 00:00:00,14749,3063,1007,10679,484,182,16,286,,
73,2020-05-13 00:00:00,15438,3287,1028,11123,689,224,21,444,,
74,2020-05-14 00:00:00,16006,3518,1043,11445,568,231,15,322,,
75,2020-05-15 00:00:00,16496,3803,1076,11617,490,285,33,172,,
76,2020-05-16 00:00:00,17025,3911,1089,12025,529,108,13,408,,
77,2020-05-17 00:00:00,17514,4129,1148,12237,489,218,59,212,,
78,2020-05-18 02:23:18,18010,4324,1191,12495,496,195,43,258,,
79,2020-05-19 17:54:05,18496,4467,1221,12808,486,143,30,313,,
80,2020-05-20 15:51:49,19189,4575,1242,13372,693,108,21,564,,
81,2020-05-21 16:48:43,20162,4838,1278,14046,973,263,36,674,,
82,2020-05-22 16:58:46,20796,5057,1326,14413,634,219,48,367,,
83,2020-05-23 17:08:55,21745,5249,1351,15145,949,192,25,757,,
84,2020-05-24 17:28:00,22271,5402,1372,15497,526,153,21,352,,
85,2020-05-25 16:45:29,22750,5642,1391,15717,479,240,19,220,,
86,2020-05-26 16:44:29,23165,5877,1418,15870,415,235,27,153,,
87,2020-05-27 16:20:29,23851,6057,1473,16321,686,180,55,451,,2020-05-28 06:23:29
88,2020-05-28 17:09:29,24538,6240,1496,16802,687,183,23,481,2020-05-28 17:11:29,2020-05-28 17:26:37
89,2020-05-29 15:50:21,25216,6492,1520,17204,678,252,24,402,2020-05-29 15:52:23,2020-05-29 17:24:37
90,2020-05-30 17:38:21,25773,7015,1573,17185,557,523,53,-19,2020-05-30 17:39:09,2020-05-30 17:40:26
91,2020-05-31 16:09:21,26473,7308,1613,17552,700,293,40,467,2020-05-31 16:10:57,2020-05-31 17:42:13
92,2020-06-01 16:56:21,26940,7637,1641,17662,467,329,28,110,2020-06-01 16:58:12,2020-06-01 17:16:53
93,2020-06-02 16:56:21,27549,7935,1663,17951,609,298,22,289,2020-06-02 17:00:35,2020-06-02 17:02:06
94,2020-06-03 19:27:21,28233,8406,1698,18129,684,471,35,178,2020-06-03 19:34:01,2020-06-03 19:56:57
95,2020-06-04 17:14:21,28818,8892,1721,18205,585,486,23,76,2020-06-04 17:15:00,2020-06-04 17:15:54
96,2020-06-05 17:43:21,29521,9443,1770,18308,703,551,49,103,2020-06-05 17:45:42,2020-06-05 17:45:42
97,2020-06-06 17:29:21,30514,9907,1801,18806,993,464,31,498,2020-06-06 17:29:52,2020-06-06 17:29:52
98,2020-06-07 18:15:21,31186,10498,1851,18837,672,591,50,31,2020-06-07 10:30:07,2020-06-07 18:35:23
99,2020-06-08 17:47:21,32033,10904,1883,19246,847,406,32,409,2020-06-08 17:48:17,2020-06-08 17:48:17
100,2020-06-09 18:12:21,33076,11414,1923,19739,1043,510,40,493,2020-06-09 18:13:02,2020-06-09 19:15:35
101,2020-06-10 18:03:21,34316,12129,1959,20228,1240,715,36,489,2020-06-10 18:05:25,2020-06-10 18:06:57
102,2020-06-11 18:58:21,35295,12636,2000,20659,979,507,41,431,2020-06-11 17:59:16,2020-06-11 18:02:27
103,2020-06-12 17:17:22,36406,13213,2048,21145,1111,577,48,486,2020-06-12 17:19:28,2020-06-12 17:28:56
104,2020-06-13 18:26:22,37420,13776,2091,21553,1014,563,43,408,2020-06-13 18:27:54,2020-06-13 18:27:54
105,2020-06-14 16:56:52,38277,14531,2134,21612,857,755,43,59,2020-06-14 16:57:47,2020-06-14 16:57:47
106,2020-06-15 16:47:55,39294,15123,2198,21973,1017,592,64,361,2020-06-15 16:48:07,2020-06-15 16:48:07
107,2020-06-16 16:50:55,40400,15703,2231,22466,1106,580,33,493,2020-06-16 16:51:13,2020-06-16 16:51:13
108,2020-06-17 16:57:55,41431,16243,2276,22912,1031,540,45,446,2020-06-17 16:59:31,2020-06-17 16:59:31
109,2020-06-18 16:49:23,42762,16798,2339,23625,1331,555,63,713,2020-06-18 16:50:53,2020-06-18 16:50:53
110,2020-06-19 18:09:23,43803,17349,2373,24081,1041,551,34,456,2020-06-19 17:00:38,2020-06-19 18:09:07
111,2020-06-20 16:23:23,45029,17883,2429,24717,1226,534,56,636,2020-06-20 16:23:38,2020-06-20 16:44:52
112,2020-06-21 17:33:23,45891,18404,2465,25022,862,521,36,305,2020-06-21 17:34:18,2020-06-21 17:34:18
113,2020-06-22 17:33:23,46845,18735,2500,25610,954,331,35,588,2020-06-22 17:36:58,2020-06-22 17:36:58
114,2020-06-23 17:41:23,47896,19241,2535,26120,1051,506,35,510,2020-06-23 17:43:12,2020-06-23 17:43:12
115,2020-06-24 16:58:23,49009,19658,2573,26778,1113,417,38,658,2020-06-24 16:59:16,2020-06-24 16:59:16
116,2020-06-25 16:14:23,50187,20449,2620,27118,1178,791,47,340,2020-06-25 16:17:40,2020-06-25 17:24:14
117,2020-06-26 18:08:34,51427,21333,2683,27411,1240,884,63,293,2020-06-26 17:06:27,2020-06-26 18:09:07
118,2020-06-27 17:56:34,52812,21909,2720,28183,1385,576,37,772,2020-06-27 17:57:14,2020-06-27 17:57:14
119,2020-06-28 16:38:34,54010,22936,2754,28320,1198,1027,34,137,2020-06-28 16:40:07,2020-06-28 16:48:11
120,2020-06-29 16:50:34,55092,23800,2805,28487,1082,864,51,167,2020-06-29 16:51:42,2020-06-29 17:31:17
121,2020-06-30 16:39:34,56385,24806,2876,28703,1293,1006,71,216,2020-06-30 16:40:46,2020-06-30 16:40:46
122,2020-07-01 16:45:34,57770,25595,2934,29241,1385,789,58,538,2020-07-01 16:46:19,2020-07-01 17:35:58
123,2020-07-02 19:30:34,59394,26667,2987,29740,1624,1072,53,499,2020-07-02 16:41:18,2020-07-02 20:02:53
124,2020-07-03 16:50:34,60695,27568,3036,30091,1301,901,49,351,2020-07-03 16:52:35,2020-07-03 16:52:35
125,2020-07-04 17:03:34,62142,28219,3089,30834,1447,651,53,743,2020-07-04 17:04:52,2020-07-04 17:04:52
126,2020-07-05 16:45:34,63749,29105,3171,31473,1607,886,82,639,2020-07-05 16:59:09,2020-07-05 17:12:16
127,2020-07-06 17:02:34,64958,29919,3241,31798,1209,814,70,325,2020-07-06 17:03:37,2020-07-06 17:03:37
128,2020-07-07 16:15:34,66226,30785,3309,32132,1268,866,68,334,2020-07-07 16:21:24,2020-07-07 16:44:24
129,2020-07-08 17:46:34,68079,31585,3359,33135,1853,800,50,1003,2020-07-08 17:47:53,2020-07-08 17:47:53
130,2020-07-09 17:32:34,70736,32651,3417,34668,2657,1066,58,1533,2020-07-09 17:33:17,2020-07-09 17:33:17
131,2020-07-10 16:58:22,72347,33529,3469,35349,1611,878,52,681,2020-07-10 17:01:10,2020-07-10 19:05:28
132,2020-07-11 17:31:22,74018,34719,3535,35764,1671,1190,66,315,2020-07-11 17:32:30,2020-07-11 18:06:47
133,2020-07-12 17:42:22,75699,35638,3606,36455,1681,919,71,691,2020-07-12 17:43:44,2020-07-12 17:43:44
134,2020-07-13 17:40:22,76981,36689,3656,36636,1282,1051,50,181,2020-07-13 16:45:20,2020-07-13 16:45:20
135,2020-07-14 17:38:22,78572,37636,3710,37226,1591,947,54,590,2020-07-14 17:39:40,2020-07-14 17:39:40
136,2020-07-15 16:58:22,80094,39050,3797,37247,1522,1414,87,21,2020-07-15 16:58:53,2020-07-15 16:58:53
137,2020-07-16 17:03:22,81668,40345,3873,37450,1574,1295,76,203,2020-07-16 17:03:56,2020-07-16 17:03:56
138,2020-07-17 17:00:22,83130,41834,3957,37339,1462,1489,84,-111,2020-07-17 17:00:34,2020-07-17 17:00:34
139,2020-07-18 17:14:22,84882,43268,4016,37598,1752,1434,59,259,2020-07-18 17:15:29,2020-07-18 17:15:29
140,2020-07-19 16:51:22,86521,45401,4143,36977,1639,2133,127,-621,2020-07-19 16:52:26,2020-07-19 16:52:26
141,2020-07-20 17:38:22,88214,46977,4239,36998,1693,1576,96,21,2020-07-20 17:39:06,2020-07-20 17:39:06
142,2020-07-21 16:27:22,89869,48466,4320,37083,1655,1489,81,85,2020-07-21 16:53:27,2020-07-21 16:53:27
143,2020-07-22 16:28:22,91751,50261,4459,37031,1882,1795,139,-52,2020-07-22 16:36:20,2020-07-22 17:10:13
144,2020-07-23 16:29:22,93657,52164,4576,36917,1906,1903,117,-114,2020-07-23 16:38:52,2020-07-23 16:41:17
145,2020-07-24 16:25:22,95418,53945,4665,36808,1761,1781,89,-109,2020-07-24 16:30:13,2020-07-24 18:01:56
146,2020-07-25 20:15:22,97286,55354,4714,37218,1868,1409,49,410,2020-07-25 20:16:48,2020-07-25 20:16:48
147,2020-07-26 17:06:22,98778,56655,4781,37342,1492,1301,67,124,2020-07-26 17:06:46,2020-07-26 17:16:52
148,2020-07-27 16:11:22,100303,58173,4838,37292,1525,1518,57,-50,2020-07-27 16:13:05,2020-07-27 16:33:07
149,2020-07-28 16:28:22,102051,60539,4901,36611,1748,2366,63,-681,2020-07-28 16:39:46,2020-07-28 16:48:07
150,2020-07-29 16:45:22,104432,62138,4975,37319,2381,1599,74,708,2020-07-29 16:47:06,2020-07-29 16:47:06
151,2020-07-30 17:05:22,106336,64292,5058,36986,1904,2154,83,-333,2020-07-30 17:06:28,2020-07-30 17:06:28
152,2020-07-31 15:59:22,108376,65907,5131,37338,2040,1615,73,352,2020-08-01 16:00:11,2020-08-01 16:00:11
153,2020-08-01 15:59:22,109936,67919,5193,36824,1560,2012,62,-514,2020-08-01 16:00:48,2020-08-01 16:48:26
154,2020-08-02 17:25:22,111455,68975,5236,37244,1519,1056,43,420,2020-08-02 17:26:26,2020-08-02 17:26:26
155,2020-08-03 16:50:22,113134,70237,5302,37595,1679,1262,66,351,2020-08-03 16:51:29,2020-08-03 16:51:29
156,2020-08-04 17:36:22,115056,72050,5388,37618,1922,1813,86,23,2020-08-04 17:37:59,2020-08-04 17:37:59
157,2020-08-05 17:06:22,116871,73889,5452,37530,1815,1839,64,-88,2020-08-05 17:08:25,2020-08-05 17:08:25
158,2020-08-06 17:19:22,118753,75645,5521,37587,1882,1756,69,57,2020-08-06 17:19:32,2020-08-06 17:19:32
159,2020-08-07 17:19:22,121226,77557,5593,38076,2473,1912,72,489,2020-08-07 17:20:50,2020-08-07 17:20:50
160,2020-08-08 18:12:22,123503,79306,5658,38539,2277,1749,65,463,2020-08-08 18:16:20,2020-08-08 18:16:20
161,2020-08-09 19:19:22,125396,80952,5723,38721,1893,1646,65,182,2020-08-09 17:20:38,2020-08-09 17:20:38
162,2020-08-10 16:48:22,127083,82236,5765,39082,1687,1284,42,361,2020-08-10 16:49:40,2020-08-10 16:49:40
163,2020-08-11 16:29:22,128776,83710,5824,39242,1693,1474,59,160,2020-08-11 16:29:51,2020-08-11 16:29:51
164,2020-08-12 18:08:22,130718,85798,5903,39017,1942,2088,79,-225,2020-08-12 18:09:45,2020-08-12 18:09:45
165,2020-08-13 17:41:22,132816,87558,5968,39290,2098,1760,65,273,2020-08-13 17:41:58,2020-08-13 17:41:58
166,2020-08-14 17:26:22,135123,89618,6021,39484,2307,2060,53,194,2020-08-14 17:27:14,2020-08-14 17:27:14
167,2020-08-15 16:50:22,137468,91321,6071,40076,2345,1703,50,592,2020-08-15 16:51:06,2020-08-15 18:50:08
168,2020-08-16 17:20:22,139549,93103,6150,40296,2081,1782,79,220,2020-08-16 17:21:08,2020-08-16 17:21:08
169,2020-08-17 16:12:22,141370,94458,6207,40705,1821,1355,57,409,2020-08-17 16:20:18,2020-08-17 16:20:18
170,2020-08-18 17:54:22,143043,96306,6277,40460,1673,1848,70,-245,2020-08-18 17:56:27,2020-08-18 17:56:27
171,2020-08-19 16:50:22,144945,98657,6346,39942,1902,2351,69,-518,2020-08-19 16:52:00,2020-08-19 16:52:00
172,2020-08-20 19:10:22,147211,100674,6418,40119,2266,2017,72,177,2020-08-20 19:14:59,2020-08-20 19:14:59
173,2020-08-21 17:14:22,149408,102991,6500,39917,2197,2317,82,-202,2020-08-21 17:15:02,2020-08-21 17:15:02
174,2020-08-22 15:28:22,151498,105198,6594,39706,2090,2207,94,-211,2020-08-22 15:29:18,2020-08-22 16:46:43
175,2020-08-23 17:14:22,153535,107500,6680,39355,2037,2302,86,-351,2020-08-23 17:15:35,2020-08-23 17:15:35
176,2020-08-24 16:32:22,155412,111060,6759,37593,1877,3560,79,-1762,2020-08-24 16:32:54,2020-08-24 16:32:54
177,2020-08-25 15:49:22,157859,112867,6858,38134,2447,1807,99,541,2020-08-25 15:50:27,2020-08-25 19:16:50
178,2020-08-26 17:43:22,160165,115409,6944,37812,2306,2542,86,-322,2020-08-26 17:44:53,2020-08-26 17:44:53
179,2020-08-27 23:43:22,162884,118575,7064,37245,2719,3166,120,-567,2020-08-28 00:10:56,2020-08-28 00:10:56
180,2020-08-28 17:07:22,165887,120900,7169,37818,3003,2325,105,573,2020-08-28 17:08:10,2020-08-28 18:16:20
181,2020-08-29 16:38:22,169195,122802,7261,39132,3308,1902,92,1314,2020-08-29 16:39:40,2020-08-29 16:39:40
182,2020-08-30 17:27:22,172053,124185,7343,40525,2858,1383,82,1393,2020-08-30 17:29:17,2020-08-30 17:29:17
183,2020-08-31 17:05:22,174796,125959,7417,41420,2743,1774,74,895,2020-08-31 17:06:41,2020-08-31 17:06:41
184,2020-09-01 18:05:22,177571,128057,7505,42009,2775,2098,88,589,2020-09-01 18:15:00,2020-09-01 18:15:00
185,2020-09-02 20:05:22,180646,129971,7616,43059,3075,1914,111,1050,2020-09-03 01:20:12,2020-09-03 01:20:12
186,2020-09-03 16:05:22,184268,132055,7750,44463,3622,2084,134,1404,2020-09-03 16:18:21,2020-09-03 16:42:01
187,2020-09-04 17:21:22,187537,134181,7832,45524,3269,2126,82,1061,2020-09-04 17:23:35,2020-09-04 17:23:35
188,2020-09-05 16:47:22,190665,136401,7940,46324,3128,2220,108,800,2020-09-05 16:48:57,2020-09-05 16:48:57
189,2020-09-06 18:16:22,194109,138575,8025,47509,3444,2174,85,1185,2020-09-06 18:17:50,2020-09-06 18:17:50
190,2020-09-07 17:36:22,196989,140652,8130,48207,2880,2077,105,698,2020-09-07 17:37:32,2020-09-07 17:37:32
191,2020-09-08 17:38:22,200035,142958,8230,48847,3046,2306,100,640,2020-09-08 17:39:10,2020-09-08 17:39:10
192,2020-09-09 17:38:22,203342,145200,8336,49806,3307,2242,106,959,2020-09-09 17:41:41,2020-09-09 17:41:41
193,2020-09-10 16:52:22,207203,147510,8456,51237,3861,2310,120,1431,2020-09-10 16:53:16,2020-09-10 16:53:16
194,2020-09-11 16:31:22,210940,150217,8544,52179,3737,2707,88,942,2020-09-11 16:32:51,2020-09-11 16:32:51
195,2020-09-12 16:31:22,214746,152458,8650,53638,3806,2241,106,1459,2020-09-12 16:56:51,2020-09-12 16:56:51
196,2020-09-13 16:45:12,218382,155010,8723,54649,3636,2552,73,1011,2020-09-13 16:45:48,2020-09-13 16:45:48
197,2020-09-14 16:59:12,221523,158405,8841,54277,3141,3395,118,-372,2020-09-14 17:00:17,2020-09-14 17:00:17
198,2020-09-15 16:39:12,225030,161065,8965,55000,3507,2660,124,723,2020-09-15 16:40:13,2020-09-15 16:40:13
199,2020-09-16 16:58:12,228993,164101,9100,55792,3963,3036,135,792,2020-09-16 16:59:44,2020-09-16 16:59:44
200,2020-09-17 16:31:53,232628,166686,9222,56720,3635,2585,122,928,2020-09-17 16:32:33,2020-09-17 16:32:33
201,2020-09-18 16:14:53,236519,170774,9336,56409,3891,4088,114,-311,2020-09-18 16:15:21,2020-09-18 16:16:54
202,2020-09-19 19:55:53,240687,174350,9448,56889,4168,3576,112,480,2020-09-19 19:56:43,2020-09-19 19:56:43
203,2020-09-20 18:29:53,244676,177327,9533,57796,3989,2977,105,907,2020-09-20 18:30:34,2020-09-20 18:30:34
204,2020-09-21 17:06:33,248852,180797,9677,58378,4176,3470,124,582,2020-09-21 17:06:57,2020-09-22 17:14:51
205,2020-09-22 17:11:33,252923,184298,9837,58788,4071,3501,160,410,2020-09-22 17:15:46,2020-09-22 17:15:46
206,2020-09-23 16:48:33,257388,187958,9977,59453,4465,3660,140,665,2020-09-23 16:53:30,2020-09-23 16:53:30
207,2020-09-24 16:36:33,262022,191853,10105,60064,4634,3895,128,611,2020-09-24 16:37:18,2020-09-24 16:37:18
208,2020-09-25 16:46:33,266845,196196,10218,60431,4823,4343,113,367,2020-09-25 16:48:10,2020-09-25 16:48:10
209,2020-09-26 18:03:33,271339,199403,10308,61628,4494,3207,90,1197,2020-09-26 18:03:22,2020-09-26 18:03:22
210,2020-09-27 17:03:33,275213,203014,10386,61813,3874,3611,78,185,2020-09-27 17:10:38,2020-09-27 17:10:38
211,2020-09-28 16:38:33,278722,206870,10473,61379,3509,3856,87,-434,2020-09-28 16:39:00,2020-09-28 16:39:00
212,2020-09-29 17:40:33,282724,210437,10601,61686,4002,3567,128,307,2020-09-29 17:41:55,2020-09-29 17:41:55
213,2020-09-30 16:23:33,287008,214947,10740,61321,4284,4510,139,-365,2020-09-30 16:23:34,2020-09-30 16:23:34
214,2020-10-01 17:20:33,291182,218487,10856,61839,4174,3540,116,518,2020-10-01 17:21:05,2020-10-01 17:21:05
215,2020-10-02 17:46:33,295499,221340,10972,63187,4317,2854,116,1348,2020-10-02 17:47:01,2020-10-02 17:47:01
216,2020-10-03 17:23:33,299506,225052,11055,63399,4007,3712,83,212,2020-10-03 17:24:13,2020-10-03 17:24:13
217,2020-10-04 17:29:33,303498,228453,11151,63894,3992,3401,96,495,2020-10-04 17:30:45,2020-10-04 17:30:45
218,2020-10-05 16:50:33,307120,232593,11253,63274,3622,4140,102,-620,2020-10-05 16:51:10,2020-10-05 16:51:10
219,2020-10-06 16:50:33,311176,236437,11374,63365,4056,3844,121,91,2020-10-06 17:03:57,2020-10-06 17:03:57
220,2020-10-07 17:01:37,315714,240291,11472,63951,4538,3854,98,586,2020-10-07 17:02:27,2020-10-08 17:32:51
221,2020-10-08 17:01:37,320564,244060,11580,64924,4850,3769,108,973,2020-10-08 17:33:43,2020-10-08 17:33:43
222,2020-10-09 17:01:37,324658,247667,11677,65314,4094,3607,97,390,2020-10-09 17:09:30,2020-10-09 17:09:30
223,2020-10-10 16:56:37,328952,251481,11765,65706,4294,3814,88,392,2020-10-10 16:57:51,2020-10-10 16:57:51
224,2020-10-11 16:28:37,333449,255027,11844,66548,4497,3546,79,842,2020-10-11 16:29:40,2020-10-11 16:29:40
225,2020-10-12 16:40:37,336716,258519,11935,66262,3267,3492,91,-316,2020-10-12 16:46:09,2020-10-13 18:56:52
226,2020-10-13 16:47:37,340622,263296,12027,65299,3906,4777,92,-963,2020-10-13 16:48:53,2020-10-14 17:34:38
227,2020-10-14 17:34:37,344749,267851,12156,64742,4127,4555,129,-557,2020-10-14 17:36:04,2020-10-14 17:36:04
228,2020-10-15 16:37:14,349160,273661,12268,63231,4411,5810,112,-1511,2020-10-15 16:38:07,2020-10-15 16:38:07
229,2020-10-16 17:57:14,353461,277544,12347,63570,4301,3883,79,339,2020-10-16 17:58:36,2020-10-16 17:58:36
230,2020-10-17 17:01:14,357762,281592,12431,63739,4301,4048,84,169,2020-10-17 17:02:09,2020-10-17 17:02:09
231,2020-10-18 16:58:14,361867,285324,12511,64032,4105,3732,80,293,2020-10-18 17:00:20,2020-10-18 17:00:20
232,2020-10-19 16:37:14,365240,289243,12617,63380,3373,3919,106,-602,2020-10-19 16:38:12,2020-10-20 18:16:43
233,2020-10-20 18:07:14,368842,293653,12734,62455,3602,4410,117,-925,2020-10-20 18:18:35,2020-10-20 18:18:35
234,2020-10-21 16:29:14,373109,297509,12857,62743,4267,3856,123,288,2020-10-21 16:31:22,2020-10-21 16:31:22
235,2020-10-22 16:38:14,377541,301006,12959,63576,4432,3497,102,833,2020-10-22 16:39:08,2020-10-22 16:39:08
236,2020-10-23 16:38:14,381910,305100,13077,63733,4369,4094,118,157,2020-10-24 15:38:48,2020-10-24 15:38:48
237,2020-10-24 16:58:14,385980,309219,13205,63556,4070,4119,128,-177,2020-10-24 16:58:45,2020-10-24 16:58:45
238,2020-10-25 16:50:14,389712,313764,13299,62649,3732,4545,94,-907,2020-10-25 16:52:09,2020-10-25 16:52:09
239,2020-10-26 16:32:14,392934,317672,13411,61851,3222,3908,112,-798,2020-10-26 16:34:00,2020-10-26 16:34:00
240,2020-10-27 20:50:14,396454,322248,13512,60694,3520,4576,101,-1157,2020-10-27 20:51:10,2020-10-27 20:51:10
241,2020-10-28 16:57:14,400483,325793,13612,61078,4029,3545,100,384,2020-10-28 16:57:57,2020-10-28 16:57:57
242,2020-10-29 16:38:14,404048,329778,13701,60569,3565,3985,89,-509,2020-10-29 16:38:54,2020-10-29 16:38:54
243,2020-10-30 17:27:14,406945,334295,13782,58868,2897,4517,81,-1701,2020-10-30 17:28:28,2020-10-30 17:28:28
244,2020-10-31 16:59:14,410088,337801,13869,58418,3143,3506,87,-450,2020-10-31 16:59:52,2020-10-31 16:59:52
245,2020-11-01 16:59:14,412784,341942,13943,56899,2696,4141,74,-1519,2020-11-01 17:14:47,2020-11-01 17:14:47
246,2020-11-02 18:06:14,415402,345566,14044,55792,2618,3624,101,-1107,2020-11-02 18:07:33,2020-11-02 18:07:33
247,2020-11-03 17:16:14,418375,349497,14146,54732,2973,3931,102,-1060,2020-11-03 17:17:03,2020-11-03 17:17:03
248,2020-11-04 17:53:14,421731,353282,14259,54190,3356,3785,113,-542,2020-11-04 17:53:53,2020-11-04 17:53:53
249,2020-11-05 19:46:14,425796,357142,14348,54306,4065,3860,89,116,2020-11-05 19:47:33,2020-11-05 19:47:33
250,2020-11-06 16:56:14,429574,360705,14442,54427,3778,3563,94,121,2020-11-06 16:56:47,2020-11-06 16:56:47
251,2020-11-07 17:18:14,433836,364417,14540,54879,4262,3712,98,452,2020-11-07 17:19:54,2020-11-07 17:19:54
252,2020-11-08 16:18:14,437716,368298,14614,54804,3880,3881,74,-75,2020-11-08 21:40:52,2020-11-08 21:40:52
253,2020-11-09 20:16:14,440569,372266,14689,53614,2853,3968,75,-1190,2020-11-09 20:17:03,2020-11-09 20:17:03
254,2020-11-10 17:32:14,444348,375741,14761,53846,3779,3475,72,232,2020-11-10 17:33:09,2020-11-10 17:33:09
255,2020-11-11 21:33:14,448118,378982,14836,54300,3770,3241,75,454,2020-11-11 21:33:47,2020-11-11 21:34:32
256,2020-11-12 18:06:19,452291,382084,14933,55274,4173,3102,97,974,2020-11-12 18:10:13,2020-11-12 18:10:13
257,2020-11-13 18:13:00,457735,385094,15037,57604,5444,3010,104,2330,2020-11-13 18:14:31,2020-11-13 18:14:31
258,2020-11-14 18:51:00,463007,388094,15148,59765,5272,3000,111,2161,2020-11-15 00:52:08,2020-11-15 00:52:08
259,2020-11-15 18:11:00,467113,391991,15211,59911,4106,3897,63,146,2020-11-15 18:12:13,2020-11-15 18:12:13
260,2020-11-16 17:41:00,470648,395443,15296,59909,3535,3452,85,-2,2020-11-16 17:42:09,2020-11-16 17:42:09
261,2020-11-17 16:58:00,474455,398636,15393,60426,3807,3193,97,517,2020-11-17 16:59:01,2020-11-17 16:59:01
262,2020-11-18 18:55:00,478720,402347,15503,60870,4265,3711,110,444,2020-11-18 18:55:00,2020-11-18 18:56:43
263,2020-11-19 16:50:00,483518,406612,15600,61306,4798,4265,97,436,2020-11-19 16:51:23,2020-11-19 16:51:23
264,2020-11-20 22:42:00,488310,410552,15678,62080,4792,3940,78,774,2020-11-20 22:43:00,2020-11-21 01:00:53
265,2020-11-21 18:22:00,493308,413955,15774,63579,4998,3403,96,1499,2020-11-21 18:23:18,2020-11-21 18:23:18
266,2020-11-22 19:17:00,497668,418188,15884,63616,4369,4233,119,37,2020-11-22 19:17:42,2020-11-22 19:17:42
267,2020-11-23 21:21:00,502110,422386,16002,63722,4442,4198,118,106,2020-11-23 21:22:41,2020-11-23 21:22:41
268,2020-11-24 19:07:00,506302,425313,16111,64878,4192,2927,109,1156,2020-11-24 23:08:26,2020-11-24 23:08:26
269,2020-11-25 17:39:00,511836,429807,16225,65804,5534,4494,114,926,2020-11-25 17:40:20,2020-11-25 17:40:20
270,2020-11-26 17:10:00,516753,433649,16352,66752,4917,3842,127,1314,2020-11-26 17:10:47,2020-11-26 17:10:47
271,2020-11-27 17:10:00,522581,437456,16521,68604,5828,3807,169,1852,2020-11-27 17:13:15,2020-11-27 17:13:15
272,2020-11-28 17:07:00,527999,441983,16646,69370,5418,4527,125,766,2020-11-28 17:08:24,2020-11-28 17:08:24
273,2020-11-29 17:39:00,534266,445793,16815,71658,6267,3810,169,2288,2020-11-29 17:39:00,2020-11-30 04:19:33
274,2020-11-30 15:34:45,538883,450518,16945,71420,4617,4725,130,-238,2020-11-30 18:00:09,2020-11-30 18:00:09
275,2020-12-01 16:28:39,543975,454879,17081,72015,5092,4361,136,595,2020-12-01 18:00:12,2020-12-01 18:00:12
276,2020-12-02 15:47:42,549508,458880,17199,73429,5533,4001,118,1414,2020-12-02 18:00:07,2020-12-02 18:00:07
277,2020-12-03 16:02:25,557877,462553,17355,77969,8369,3673,156,4540,2020-12-03 18:00:10,2020-12-03 18:00:10
278,2020-12-04 15:21:14,563680,466178,17479,80023,5803,3625,124,2054,2020-12-04 18:00:11,2020-12-04 18:00:11
279,2020-12-05 15:38:27,569707,470449,17589,81669,6027,4271,110,1646,2020-12-05 18:00:08,2020-12-05 18:00:08
280,2020-12-06 15:16:10,575796,474771,17740,83285,6089,4322,151,1616,2020-12-06 18:00:10,2020-12-06 18:00:10
281,2020-12-07 15:56:44,581550,479202,17867,84481,5754,4431,127,1196,2020-12-07 18:00:07,2020-12-07 18:00:07
282,2020-12-08 15:40:58,586842,483497,18000,85345,5292,4295,133,864,2020-12-08 18:00:05,2020-12-08 18:00:05
283,2020-12-09 16:00:31,592900,487445,18171,87284,6058,3948,171,1939,2020-12-09 18:00:05,2020-12-09 18:00:05
284,2020-12-10 16:31:04,598933,491975,18336,88622,6033,4530,165,1338,2020-12-10 18:00:09,2020-12-10 18:00:09
285,2020-12-11 16:22:26,605243,496886,18511,89846,6310,4911,175,1224,2020-12-11 18:00:08,2020-12-11 18:00:08
286,2020-12-12 16:39:05,611631,501376,18653,91602,6388,4490,142,1756,2020-12-12 18:00:09,2020-12-12 18:00:09
287,2020-12-13 15:05:31,617820,505836,18819,93165,6189,4460,166,1563,2020-12-13 18:00:09,2020-12-13 18:00:09
288,2020-12-14 15:38:35,623309,510957,18956,93396,5489,5121,137,231,2020-12-14 18:00:05,2020-12-14 18:00:05
289,2020-12-15 15:30:26,629429,516656,19111,93662,6120,5699,155,266,2020-12-15 18:00:08,2020-12-15 18:00:08
290,2020-12-16 15:20:45,636154,521984,19248,94922,6725,5328,137,1260,2020-12-16 18:00:05,2020-12-16 18:00:05
291,2020-12-17 16:01:21,643508,526979,19390,97139,7354,4995,142,2217,2020-12-17 18:00:05,2020-12-17 18:00:05
292,2020-12-18 15:40:49,650197,531995,19514,98688,6689,5016,124,1549,2020-12-18 18:00:05,2020-12-18 18:00:05
293,2020-12-19 15:27:00,657948,536260,19659,102029,7751,4265,145,3341,2020-12-19 18:00:07,2020-12-19 18:00:07
294,2020-12-20 15:44:22,664930,541811,19880,103239,6982,5551,221,1210,2020-12-20 18:00:05,2020-12-20 18:00:05
295,2020-12-21 16:24:14,671778,546884,20085,104809,6848,5073,205,1570,2020-12-21 18:00:05,2020-12-21 18:00:05
296,2020-12-22 16:03:56,678125,552722,20257,105146,6347,5838,172,337,2020-12-22 18:00:07,2020-12-22 18:00:07
297,2020-12-23 16:07:42,685639,558703,20408,106528,7514,5981,151,1382,2020-12-23 18:00:05,2020-12-23 18:00:05
298,2020-12-24 15:40:57,692838,563980,20589,108269,7199,5277,181,1741,2020-12-24 18:00:04,2020-12-24 18:00:04
299,2020-12-25 15:25:23,700097,570304,20847,108946,7259,6324,258,677,2020-12-25 18:00:10,2020-12-25 18:00:10
300,2020-12-26 15:46:09,706837,576693,20994,109150,6740,6389,147,204,2020-12-26 18:00:08,2020-12-26 18:00:08
301,2020-12-27 15:30:46,713365,583676,21237,108452,6528,6983,243,-698,2020-12-27 18:00:04,2020-12-27 18:00:04
302,2020-12-28 15:19:39,719219,589978,21452,107789,5854,6302,215,-663,2020-12-28 18:00:05,2020-12-28 18:00:05
303,2020-12-29 15:19:25,727122,596783,21703,108636,7903,6805,251,847,2020-12-29 18:00:05,2020-12-29 18:00:05
304,2020-12-30 15:51:12,735124,603741,21944,109439,8002,6958,241,803,2020-12-30 18:00:09,2020-12-30 18:00:09
305,2020-12-31 16:03:25,743198,611097,22138,109963,8074,7356,194,524,2020-12-31 18:00:09,2020-12-31 18:00:09
306,2021-01-01 15:32:04,751270,617936,22329,111005,8072,6839,191,1042,2021-01-01 18:00:11,2021-01-01 18:00:11
307,2021-01-02 15:25:23,758473,625518,22555,110400,7203,7582,226,-605,2021-01-02 18:00:08,2021-01-02 18:00:08
308,2021-01-03 14:59:10,765350,631937,22734,110679,6877,6419,179,279,2021-01-03 18:00:05,2021-01-03 18:00:05
309,2021-01-04 15:12:52,772103,639103,22911,110089,6753,7166,177,-590,2021-01-04 18:00:05,2021-01-04 18:00:05
310,2021-01-05 16:05:18,779548,645746,23109,110693,7445,6643,198,604,2021-01-05 18:00:06,2021-01-05 18:00:06
311,2021-01-06 16:06:57,788402,652513,23296,112593,8854,6767,187,1900,2021-01-06 18:00:07,2021-01-06 18:00:07
312,2021-01-07 15:44:04,797723,659437,23520,114766,9321,6924,224,2173,2021-01-07 18:00:06,2021-01-07 18:00:06
313,2021-01-08 15:55:21,808340,666883,23753,117704,10617,7446,233,2938,2021-01-08 18:00:05,2021-01-08 18:00:05
314,2021-01-09 15:28:24,818386,673511,23947,120928,10046,6628,194,3224,2021-01-09 18:00:04,2021-01-09 18:00:04
315,2021-01-10 15:12:53,828026,681024,24129,122873,9640,7513,182,1945,2021-01-10 18:00:09,2021-01-10 18:00:09
316,2021-01-11 15:38:43,836718,688739,24343,123636,8692,7715,214,763,2021-01-11 18:00:08,2021-01-11 18:00:08
317,2021-01-12 15:25:31,846765,695807,24645,126313,10047,7068,302,2677,2021-01-12 18:00:05,2021-01-12 18:00:05
318,2021-01-13 15:50:39,858043,703464,24951,129628,11278,7657,306,3315,2021-01-13 18:00:07,2021-01-13 18:00:07
319,2021-01-14 16:02:08,869600,711205,25246,133149,11557,7741,295,3521,2021-01-14 18:00:05,2021-01-14 18:00:05
320,2021-01-15 15:19:24,882418,718696,25484,138238,12818,7491,238,5089,2021-01-15 18:00:06,2021-01-15 18:00:06
321,2021-01-16 15:27:29,896642,727358,25767,143517,14224,8662,283,5279,2021-01-16 18:00:05,2021-01-16 18:00:05
322,2021-01-17 15:09:58,907929,736460,25987,145482,11287,9102,220,1965,2021-01-17 18:00:05,2021-01-17 18:00:05
323,2021-01-18 15:30:58,917015,745935,26282,144798,9086,9475,295,-684,2021-01-18 18:00:06,2021-01-18 18:00:06
324,2021-01-19 16:15:20,927380,753948,26590,146842,10365,8013,308,2044,2021-01-19 18:00:04,2021-01-19 18:00:04
325,2021-01-20 15:52:06,939948,763703,26857,149388,12568,9755,267,2546,2021-01-20 18:00:05,2021-01-20 18:00:05
326,2021-01-21 16:26:55,951651,772790,27203,151658,11703,9087,346,2270,2021-01-21 18:00:04,2021-01-21 18:00:04
327,2021-01-22 15:43:47,965283,781147,27453,156683,13632,8357,250,5025,2021-01-22 18:00:05,2021-01-22 18:00:05
328,2021-01-23 15:27:41,977474,791059,27664,158751,12191,9912,211,2068,2021-01-23 18:00:06,2021-01-23 18:00:06
329,2021-01-24 15:49:08,989262,798810,27835,162617,11788,7751,171,3866,2021-01-24 18:00:05,2021-01-24 18:00:05
330,2021-01-25 15:31:52,999256,809488,28132,161636,9994,10678,297,-981,2021-01-25 18:00:08,2021-01-25 18:00:08
331,2021-01-26 15:48:31,1012350,820356,28468,163526,13094,10868,336,1890,2021-01-26 18:00:05,2021-01-26 18:00:05
332,2021-01-27 16:02:11,1024298,831330,28855,164113,11948,10974,387,587,2021-01-27 18:00:07,2021-01-27 18:00:07
333,2021-01-28 15:52:43,1037993,842122,29331,166540,13695,10792,476,2427,2021-01-28 18:00:05,2021-01-28 18:00:05
334,2021-01-29 15:50:37,1051795,852260,29518,170017,13802,10138,187,3477,2021-01-29 18:00:07,2021-01-29 18:00:07
335,2021-01-30 16:24:03,1066313,862502,29728,174083,14518,10242,210,4066,2021-01-30 18:00:08,2021-01-30 18:00:08
336,2021-01-31 15:44:09,1078314,873221,29998,175095,12001,10719,270,1012,2021-01-31 18:00:05,2021-01-31 18:00:05
337,2021-02-01 16:14:30,1089308,883682,30277,175349,10994,10461,279,254,2021-02-01 18:00:04,2021-02-01 18:00:04
338,2021-02-02 16:33:57,1099687,896530,30581,172576,10379,12848,304,-2773,2021-02-02 18:00:08,2021-02-02 18:00:08
339,2021-02-03 16:08:42,1111671,905665,30770,175236,11984,9135,189,2660,2021-02-03 18:00:07,2021-02-03 18:00:07
340,2021-02-04 16:21:14,1123105,917306,31001,174798,11434,11641,231,-438,2021-02-04 18:00:05,2021-02-04 18:00:05
341,2021-02-05 16:10:02,1134854,926980,31202,176672,11749,9674,201,1874,2021-02-05 18:00:07,2021-02-05 18:00:07
342,2021-02-06 16:07:20,1147010,939184,31393,176433,12156,12204,191,-239,2021-02-06 18:00:06,2021-02-06 18:00:06
343,2021-02-07 16:08:02,1157837,949990,31556,176291,10827,10806,163,-142,2021-02-07 18:00:11,2021-02-07 18:00:11
344,2021-02-08 15:56:08,1166079,963028,31763,171288,8242,13038,207,-5003,2021-02-08 18:00:05,2021-02-08 18:00:05
345,2021-02-09 16:38:26,1174779,973552,31976,169251,8700,10524,213,-2037,2021-02-09 18:00:14,2021-02-09 18:00:14
346,2021-02-10 16:12:37,1183555,982972,32167,168416,8776,9430,191,-835,2021-02-10 18:00:06,2021-02-10 18:00:06
347,2021-02-11 16:17:51,1191990,993117,32381,166492,8435,10145,214,-1924,2021-02-11 18:00:05,2021-02-11 18:00:05
348,2021-02-12 16:42:02,1201859,1004117,32656,165086,9869,11000,275,-1406,2021-02-12 18:00:05,2021-02-12 18:00:05
349,2021-02-13 16:54:46,1210703,1016036,32936,161731,8844,11919,280,-3355,2021-02-13 18:00:05,2021-02-13 18:00:05
350,2021-02-14 15:39:51,1217468,1025273,33183,159012,6765,9237,247,-2719,2021-02-14 18:00:05,2021-02-14 18:00:05
351,2021-02-15 16:32:59,1223930,1032065,33367,158498,6462,6792,184,-514,2021-02-15 18:00:04,2021-02-15 18:00:04
352,2021-02-16 16:30:23,1233959,1039674,33596,160689,10029,7609,229,2191,2021-02-16 18:00:04,2021-02-16 18:00:04
353,2021-02-17 17:05:47,1243646,1047676,33788,162182,9687,8002,192,1493,2021-02-17 21:22:28,2021-02-17 21:22:28
354,2021-02-18 16:26:47,1252685,1058222,33969,160494,9039,10546,181,-1688,2021-02-18 18:00:04,2021-02-18 18:00:04
355,2021-02-19 16:02:55,1263299,1069005,34152,160142,10614,10783,183,-352,2021-02-19 18:00:04,2021-02-19 18:00:04
356,2021-02-20 17:00:41,1271353,1078840,34316,158197,8054,9835,164,-1945,2021-02-20 18:17:58,2021-02-20 18:17:58
357,2021-02-21 15:24:38,1278653,1087076,34489,157088,7300,8236,173,-1109,2021-02-21 18:00:04,2021-02-21 18:00:04
358,2021-02-22 16:16:59,1288833,1096994,34691,157148,10180,9918,202,60,2021-02-22 18:00:05,2021-02-22 18:00:05
359,2021-02-23 15:32:39,1298608,1104990,35014,158604,9775,7996,323,1456,2021-02-23 18:00:04,2021-02-23 18:00:04
360,2021-02-24 16:38:55,1306141,1112725,35254,158162,7533,7735,240,-442,2021-02-24 18:00:06,2021-02-24 18:00:06
361,2021-02-25 16:11:13,1314634,1121411,35518,157705,8493,8686,264,-457,2021-02-25 18:00:04,2021-02-25 18:00:04
362,2021-02-26 16:11:36,1322866,1128672,35786,158408,8232,7261,268,703,2021-02-26 18:00:04,2021-02-26 18:00:04
363,2021-02-27 15:34:18,1329074,1136054,35981,157039,6208,7382,195,-1369,2021-02-27 18:00:06,2021-02-27 18:00:06
364,2021-02-28 16:44:57,1334634,1142703,36166,155765,5560,6649,185,-1274,2021-02-28 18:00:04,2021-02-28 18:00:04
365,2021-03-01 16:45:45,1341314,1151915,36325,153074,6680,9212,159,-2691,2021-03-01 18:00:04,2021-03-01 18:00:04
366,2021-03-02 17:00:03,1347026,1160863,36518,149645,5712,8948,193,-3429,2021-03-03 00:30:56,2021-03-03 00:30:56
367,2021-03-03 16:48:54,1353834,1169916,36721,147197,6808,9053,203,-2448,2021-03-03 16:48:54,2021-03-03 16:48:54
368,2021-03-04 16:48:54,1361098,1176356,36897,147845,7264,6440,176,648,2021-03-04 18:00:04,2021-03-04 18:00:04
369,2021-03-05 17:39:33,1368069,1182687,37026,148356,6971,6331,129,511,2021-03-05 18:43:14,2021-03-05 18:43:14
370,2021-03-06 16:45:02,1373836,1189510,37154,147172,5767,6823,128,-1184,2021-03-06 18:00:03,2021-03-06 18:00:03
371,2021-03-07 23:53:00,1379662,1194656,37266,147740,5826,5146,112,568,2021-03-07 23:56:33,2021-03-07 23:56:33
372,2021-03-08 16:30:24,1386556,1203381,37547,145628,6894,8725,281,-2112,2021-03-08 18:00:04,2021-03-08 18:00:04
373,2021-03-09 16:10:57,1392949,1210877,37757,144315,6393,7496,210,-1313,2021-03-09 18:00:04,2021-03-09 18:00:04
374,2021-03-10 16:10:57,1398578,1216433,37932,144213,5633,5556,175,-98,2021-03-10 18:00:04,2021-03-10 18:00:04
375,2021-03-11 17:08:56,1403722,1224603,38049,141070,5144,8170,117,-3143,2021-03-11 18:52:17,2021-03-11 18:52:17
376,2021-03-12 17:25:22,1410134,1231454,38229,140451,6412,6851,180,-619,2021-03-12 19:49:37,2021-03-12 19:49:37
377,2021-03-13 17:33:43,1414741,1237470,38329,138942,4607,6016,100,-1509,2021-03-13 19:01:18,2021-03-13 19:01:18
378,2021-03-14 17:25:39,1419455,1243117,38426,137912,4714,5647,97,-1030,2021-03-14 20:42:43,2021-03-14 20:42:43
379,2021-03-15 16:57:27,1425044,1249947,38573,136524,5589,6830,147,-1388,2021-03-15 18:00:05,2021-03-15 18:00:05
380,2021-03-16 15:48:08,1430458,1257663,38753,134042,5414,7716,180,-2482,2021-03-16 18:00:07,2021-03-16 18:00:07
381,2021-03-17 16:44:03,1437283,1266673,38915,131695,6825,9010,162,-2347,2021-03-17 18:00:04,2021-03-17 18:00:04
382,2021-03-18 16:16:34,1443853,1272958,39142,131753,6570,6285,227,58,2021-03-18 18:00:05,2021-03-18 18:00:05
383,2021-03-19 17:01:07,1450132,1278965,39339,131828,6279,6007,197,75,2021-03-19 18:19:11,2021-03-19 18:19:11
384,2021-03-20 17:21:31,1455788,1284725,39447,131616,5656,5760,108,-212,2021-03-20 18:36:29,2021-03-20 18:36:29
385,2021-03-21 17:21:31,1460184,1290790,39550,129844,4396,6065,103,-1772,2021-03-21 17:21:31,2021-03-21 17:21:31
386,2021-03-22 16:18:32,1465928,1297967,39711,128250,5744,7177,161,-1594,2021-03-22 18:00:05,2021-03-22 18:00:05
387,2021-03-23 16:34:20,1471225,1304921,39865,126439,5297,6954,154,-1811,2021-03-23 18:00:04,2021-03-23 18:00:04
388,2021-03-24 16:40:22,1476452,1312543,39983,123926,5227,7622,118,-2513,2021-03-24 18:00:05,2021-03-24 18:00:05
389,2021-03-25 16:40:22,1482559,1317199,40081,125279,6107,4656,98,1353,2021-03-25 16:40:22,2021-03-25 16:40:22
390,2021-03-26 16:40:22,1487541,1322878,40166,124497,4982,5679,85,-782,2021-03-26 16:40:22,2021-03-26 16:40:22
391,2021-03-27 16:47:14,1492002,1327121,40364,124517,4461,4243,198,20,2021-03-27 18:00:04,2021-03-27 18:00:04
392,2021-03-28 16:54:23,1496085,1331400,40449,124236,4083,4279,85,-281,2021-03-28 18:00:04,2021-03-28 18:00:04
393,2021-03-29 15:40:15,1501093,1336818,40581,123694,5008,5418,132,-542,2021-03-29 18:00:05,2021-03-29 18:00:05
394,2021-03-30 16:54:17,1505775,1342695,40754,122326,4682,5877,173,-1368,2021-03-30 18:00:05,2021-03-30 18:00:05
395,2021-03-31 16:35:40,1511712,1348330,40858,122524,5937,5635,104,198,2021-03-31 18:00:05,2021-03-31 18:00:05
396,2021-04-01 16:05:29,1517854,1355578,41054,121222,6142,7248,196,-1302,2021-04-01 18:00:04,2021-04-01 18:00:04
397,2021-04-02 17:46:43,1523179,1361017,41151,121011,5325,5439,97,-211,2021-04-02 21:20:12,2021-04-02 21:20:12
398,2021-04-03 16:02:10,1527524,1366214,41242,120068,4345,5197,91,-943,2021-04-03 18:00:05,2021-04-03 18:00:05
399,2021-04-04 16:52:36,1534255,1375877,41669,116709,6731,9663,427,-3359,2021-04-04 18:00:04,2021-04-04 18:00:04
400,2021-04-05 16:52:36,1537967,1381677,41815,114475,3712,5800,146,-2234,2021-04-05 16:52:36,2021-04-05 16:52:36
401,2021-04-06 15:58:54,1542516,1385973,41977,114566,4549,4296,162,91,2021-04-06 18:00:07,2021-04-06 18:00:07
402,2021-04-07 16:28:25,1547376,1391742,42064,113570,4860,5769,87,-996,2021-04-07 18:00:05,2021-04-07 18:00:05
403,2021-04-08 16:22:03,1552880,1399382,42227,111271,5504,7640,163,-2299,2021-04-08 18:00:05,2021-04-08 18:00:05
404,2021-04-09 16:17:35,1558145,1405659,42348,110138,5265,6277,121,-1133,2021-04-09 18:00:04,2021-04-09 18:00:04
405,2021-04-10 16:45:47,1562868,1409288,42443,111137,4723,3629,95,999,2021-04-10 18:00:05,2021-04-10 18:00:05
406,2021-04-11 16:18:32,1566995,1414507,42530,109958,4127,5219,87,-1179,2021-04-11 18:00:02,2021-04-11 18:00:02
407,2021-04-12 16:27:25,1571824,1419796,42656,109372,4829,5289,126,-586,2021-04-12 18:00:04,2021-04-12 18:00:04
408,2021-04-13 17:38:03,1577526,1426145,42782,108599,5702,6349,126,-773,2021-04-13 18:43:05,2021-04-13 18:43:05
409,2021-04-14 16:28:02,1583182,1431892,42906,108384,5656,5747,124,-215,2021-04-14 18:00:37,2021-04-14 18:00:37
410,2021-04-15 16:05:58,1589359,1438254,43073,108032,6177,6362,167,-352,2021-04-15 22:30:50,2021-04-15 22:30:50
411,2021-04-16 16:24:15,1594722,1444229,43196,107297,5363,5975,123,-735,2021-04-16 18:00:05,2021-04-16 18:00:05
412,2021-04-17 16:40:20,1599763,1450192,43328,106243,5041,5963,132,-1054,2021-04-17 18:00:03,2021-04-17 18:00:03
413,2021-04-18 16:42:24,1604348,1455065,43424,105859,4585,4873,96,-384,2021-04-18 18:00:03,2021-04-18 18:00:03
414,2021-04-19 16:11:01,1609300,1461414,43567,104319,4952,6349,143,-1540,2021-04-19 18:00:06,2021-04-19 18:00:06
415,2021-04-20 16:40:42,1614849,1468142,43777,102930,5549,6728,210,-1389,2021-04-20 18:00:04,2021-04-20 18:00:04
416,2021-04-21 18:05:00,1620569,1475456,44007,101106,5720,7314,230,-1824,2021-04-22 06:45:26,2021-04-22 06:45:26
417,2021-04-22 16:34:07,1626812,1481449,44172,101191,6243,5993,165,85,2021-04-22 18:00:04,2021-04-22 18:00:04
418,2021-04-23 17:32:43,1632248,1487369,44346,100533,5436,5920,174,-658,2021-04-23 20:41:54,2021-04-23 20:41:54
419,2021-04-24 16:11:02,1636792,1492322,44500,99970,4544,4953,154,-563,2021-04-24 18:00:03,2021-04-24 18:00:03
420,2021-04-25 16:32:29,1641194,1496126,44594,100474,4402,3804,94,504,2021-04-25 18:00:03,2021-04-25 18:00:03
421,2021-04-26 16:46:26,1647138,1501715,44771,100652,5944,5589,177,178,2021-04-26 18:00:05,2021-04-26 18:00:05
422,2021-04-27 17:26:23,1651794,1506599,44939,100256,4656,4884,168,-396,2021-04-27 18:39:34,2021-04-27 18:39:34
423,2021-04-28 16:45:31,1657035,1511417,45116,100502,5241,4818,177,246,2021-04-28 18:00:05,2021-04-28 18:00:05
424,2021-04-29 16:37:55,1662868,1517432,45334,100102,5833,6015,218,-400,2021-04-29 18:00:05,2021-04-29 18:00:05
425,2021-04-30 16:08:16,1668368,1522634,45521,100213,5500,5202,187,111,2021-04-30 18:00:04,2021-04-30 18:00:04
426,2021-05-01 16:16:14,1672880,1526978,45652,100250,4512,4344,131,37,2021-05-01 18:00:07,2021-05-01 18:00:07
427,2021-05-02 15:51:00,1677274,1530718,45796,100760,4394,3740,144,510,2021-05-02 18:00:03,2021-05-02 18:00:03
428,2021-05-03 18:38:41,1682004,1535491,45949,100564,4730,4773,153,-196,2021-05-03 22:27:37,2021-05-03 22:27:37
429,2021-05-04 18:38:41,1686373,1541149,46137,99087,4369,5658,188,-1477,2021-05-04 18:38:41,2021-05-04 18:38:41
430,2021-05-05 16:37:39,1691658,1547092,46349,98217,5285,5943,212,-870,2021-05-05 18:00:04,2021-05-05 18:00:04
431,2021-05-06 16:38:00,1697305,1552532,46496,98277,5647,5440,147,60,2021-05-07 04:40:44,2021-05-07 04:40:44
432,2021-05-07 16:31:09,1703632,1558423,46663,98546,6327,5891,167,269,2021-05-07 18:00:05,2021-05-07 18:00:05
433,2021-05-08 16:18:05,1709762,1563917,46842,99003,6130,5494,179,457,2021-05-08 18:00:04,2021-05-08 18:00:04
434,2021-05-09 15:45:27,1713684,1568277,47012,98395,3922,4360,170,-608,2021-05-09 18:00:04,2021-05-09 18:00:04
435,2021-05-10 16:32:19,1718575,1574615,47218,96742,4891,6338,206,-1653,2021-05-10 18:00:04,2021-05-10 18:00:04
436,2021-05-11 17:44:04,1723596,1580207,47465,95924,5021,5592,247,-818,2021-05-11 22:53:18,2021-05-11 22:53:18
437,2021-05-12 16:56:00,1728204,1584878,47617,95709,4608,4671,152,-215,2021-05-12 18:00:00,2021-05-24 17:45:11
438,2021-05-13 16:58:00,1731652,1589079,47716,94857,3448,4201,99,-852,2021-05-13 18:18:00,2021-05-24 17:45:47
439,2021-05-14 16:31:04,1734285,1592886,47823,93576,2633,3807,107,-1281,2021-05-14 18:00:04,2021-05-14 18:00:04
440,2021-05-15 16:25:54,1736670,1597067,47967,91636,2385,4181,144,-1940,2021-05-15 18:00:05,2021-05-15 18:00:05
441,2021-05-16 15:38:36,1739750,1600857,48093,90800,3080,3790,126,-836,2021-05-16 18:00:04,2021-05-16 18:00:04
442,2021-05-17 15:48:06,1744045,1606611,48305,89129,4295,5754,212,-1671,2021-05-17 18:00:04,2021-05-17 18:00:04
443,2021-05-18 16:43:58,1748230,1612239,48477,87514,4185,5628,172,-1615,2021-05-18 18:00:04,2021-05-18 18:00:04
444,2021-05-19 16:08:06,1753101,1616603,48669,87829,4871,4364,192,315,2021-05-19 18:00:04,2021-05-19 18:00:04
445,2021-05-20 16:13:24,1758898,1621572,48887,88439,5797,4969,218,610,2021-05-20 17:23:28,2021-05-20 17:23:28
446,2021-05-21 22:55:00,1764644,1626142,49073,89429,5746,4570,186,990,2021-05-21 22:55:49,2021-05-21 22:55:49
447,2021-05-22 17:22:00,1769940,1629495,49205,91240,5296,3353,132,1811,2021-05-22 17:23:23,2021-05-22 17:23:23
448,2021-05-23 17:47:00,1775220,1633045,49328,92847,5280,3550,123,1607,2021-05-23 17:48:21,2021-05-23 17:48:21
449,2021-05-24 16:32:59,1781127,1638279,49455,93393,5907,5234,127,546,2021-05-24 17:39:55,2021-05-24 17:39:55
450,2021-05-25 16:54:16,1786187,1642074,49627,94486,5060,3795,172,1093,2021-05-25 18:00:11,2021-05-25 18:00:11
451,2021-05-26 16:19:33,1791221,1645263,49771,96187,5034,3189,144,1701,2021-05-26 17:30:47,2021-05-26 17:30:47
452,2021-05-27 16:42:08,1797499,1649187,49907,98405,6278,3924,136,2218,2021-05-27 18:00:05,2021-05-27 18:00:05
453,2021-05-28 15:58:38,1803361,1654557,50100,98704,5862,5370,193,299,2021-05-28 17:37:57,2021-05-28 17:37:57
454,2021-05-29 16:04:37,1809926,1659974,50262,99690,6565,5417,162,986,2021-05-29 18:00:05,2021-05-29 18:00:05
455,2021-05-30 16:14:57,1816041,1663998,50404,101639,6115,4024,142,1949,2021-05-30 18:00:04,2021-05-30 18:00:04
456,2021-05-31 16:27:00,1821703,1669119,50578,102006,5662,5121,174,367,2021-05-31 18:00:05,2021-05-31 18:00:05
457,2021-06-01 16:48:54,1826527,1674479,50723,101325,4824,5360,145,-681,2021-06-01 20:00:23,2021-06-01 20:00:23
458,2021-06-02 17:08:25,1831773,1680501,50908,100364,5246,6022,185,-961,2021-06-02 19:54:54,2021-06-02 19:54:54
459,2021-06-03 17:46:44,1837126,1691593,51095,94438,5353,11092,187,-5926,2021-06-03 18:47:30,2021-06-03 18:47:30
460,2021-06-04 17:03:16,1843612,1697543,51296,94773,6486,5950,201,335,2021-06-04 18:25:10,2021-06-04 18:25:10
461,2021-06-05 16:20:11,1850206,1701784,51449,96973,6594,4241,153,2200,2021-06-05 18:00:05,2021-06-05 18:00:05
462,2021-06-06 16:15:33,1856038,1705971,51612,98455,5832,4187,163,1482,2021-06-06 18:00:05,2021-06-06 18:00:05
463,2021-06-07 16:38:47,1863031,1711565,51803,99663,6993,5594,191,1208,2021-06-07 18:00:06,2021-06-07 18:00:06
464,2021-06-08 16:43:57,1869325,1717370,51992,99963,6294,5805,189,300,2021-06-08 17:51:47,2021-06-08 17:51:47
465,2021-06-09 16:11:42,1877050,1723253,52162,101635,7725,5883,170,1672,2021-06-09 17:19:37,2021-06-09 17:19:37
466,2021-06-10 18:05:16,1885942,1728914,52373,104655,8892,5661,211,3020,2021-06-10 23:00:33,2021-06-10 23:00:33
467,2021-06-11 16:33:08,1894025,1735144,52566,106315,8083,6230,193,1660,2021-06-11 17:37:37,2021-06-11 17:37:37
468,2021-06-12 17:16:30,1901490,1740436,52730,108324,7465,5292,164,2009,2021-06-12 19:01:00,2021-06-12 19:01:00
469,2021-06-13 16:38:36,1911358,1745091,52879,113388,9868,4655,149,5064,2021-06-13 18:00:06,2021-06-13 18:00:06
470,2021-06-14 16:41:46,1919547,1751234,53116,115197,8189,6143,237,1809,2021-06-14 18:00:10,2021-06-14 18:00:10
471,2021-06-15 17:14:17,1927708,1757641,53280,116787,8161,6407,164,1590,2021-06-15 19:59:54,2021-06-15 19:59:54
472,2021-06-16 15:41:07,1937652,1763870,53476,120306,9944,6229,196,3519,2021-06-16 17:23:43,2021-06-16 17:23:43
473,2021-06-17 21:50:00,1950276,1771220,53753,125303,12624,7350,277,4997,2021-06-18 01:41:35,2021-06-18 01:41:35
474,2021-06-18 16:21:53,1963266,1779127,54043,130096,12990,7907,290,4793,2021-06-18 18:00:06,2021-06-18 18:00:06
475,2021-06-19 16:36:24,1976172,1786143,54291,135738,12906,7016,248,5642,2021-06-19 17:43:42,2021-06-19 17:43:42
476,2021-06-20 16:10:21,1989909,1792528,54662,142719,13737,6385,371,6981,2021-06-20 17:32:14,2021-06-20 17:32:14
477,2021-06-21 18:17:00,2004445,1801761,54956,147728,14536,9233,294,5009,2021-06-21 18:17:44,2021-06-21 18:17:44
478,2021-06-22 16:11:48,2018113,1810136,55291,152686,13668,8375,335,4958,2021-06-22 18:00:06,2021-06-22 18:00:06
479,2021-06-23 17:41:40,2033421,1817303,55594,160524,15308,7167,303,7838,2021-06-23 19:08:23,2021-06-23 19:08:23
480,2021-06-24 18:01:00,2053995,1826504,55949,171542,20574,9201,355,11018,2021-06-24 18:02:27,2021-06-24 18:02:27
481,2021-06-25 17:35:00,2072867,1835061,56371,181435,18872,8557,422,9893,2021-06-25 17:36:23,2021-06-25 17:36:23
482,2021-06-26 18:09:00,2093962,1842457,56729,194776,21095,7396,358,13341,2021-06-26 18:10:06,2021-06-26 18:10:06
483,2021-06-27 16:23:00,2115304,1850481,57138,207685,21342,8024,409,12909,2021-06-27 18:00:05,2021-06-27 18:00:05
484,2021-06-28 17:06:00,2135998,1859961,57561,218476,20694,9480,423,10791,2021-06-28 17:06:46,2021-06-28 17:06:46
485,2021-06-29 16:12:20,2156465,1869606,58024,228835,20467,9645,463,10359,2021-06-29 17:25:15,2021-06-29 17:25:15
486,2021-06-30 17:17:10,2178272,1880413,58491,239368,21807,10807,467,10533,2021-06-30 19:01:47,2021-06-30 19:01:47
487,2021-07-01 16:14:07,2203108,1890287,58995,253826,24836,9874,504,14458,2021-07-01 18:00:06,2021-07-01 18:00:06
488,2021-07-02 18:28:00,2228938,1901865,59534,267539,25830,11578,539,13713,2021-07-03 06:33:51,2021-07-03 06:33:51
489,2021-07-03 16:07:12,2256851,1915147,60027,281677,27913,13282,493,14138,2021-07-03 18:00:05,2021-07-03 18:00:05
490,2021-07-04 16:24:05,2284084,1928274,60582,295228,27233,13127,555,13551,2021-07-04 18:00:05,2021-07-04 18:00:05
491,2021-07-05 16:53:35,2313829,1942690,61140,309999,29745,14416,558,14771,2021-07-05 18:00:10,2021-07-05 18:00:10
492,2021-07-06 17:04:40,2345018,1958553,61868,324597,31189,15863,728,14598,2021-07-06 19:11:58,2021-07-06 19:11:58
493,2021-07-07 16:04:12,2379397,1973388,62908,343101,34379,14835,1040,18504,2021-07-07 18:00:05,2021-07-07 18:00:05
494,2021-07-08 17:23:31,2417788,1994573,63760,359455,38391,21185,852,16354,2021-07-08 18:48:18,2021-07-08 18:48:18
495,2021-07-09 16:12:54,2455912,2023548,64631,367733,38124,28975,871,8278,2021-07-09 18:00:06,2021-07-09 18:00:06
496,2021-07-10 16:30:39,2491006,2052109,65457,373440,35094,28561,826,5707,2021-07-10 18:00:05,2021-07-10 18:00:05
497,2021-07-11 15:43:32,2527203,2084724,66464,376015,36197,32615,1007,2575,2021-07-11 18:00:05,2021-07-11 18:00:05
498,2021-07-12 17:32:07,2567630,2119478,67355,380797,40427,34754,891,4782,2021-07-12 22:58:56,2021-07-12 22:58:56
499,2021-07-13 16:48:13,2615529,2139601,68219,407709,47899,20123,864,26912,2021-07-13 17:52:28,2021-07-13 17:52:28
500,2021-07-14 16:31:23,2670046,2157363,69210,443473,54517,17762,991,35764,2021-07-14 18:00:06,2021-07-14 18:00:06
501,2021-07-15 16:53:00,2726803,2176412,70192,480199,56757,19049,982,36726,2021-07-15 16:54:43,2021-07-15 16:54:43
502,2021-07-16 16:27:05,2780803,2204491,71397,504915,54000,28079,1205,24716,2021-07-16 18:00:05,2021-07-16 18:00:05
503,2021-07-17 16:19:07,2832755,2232394,72489,527872,51952,27903,1092,22957,2021-07-17 18:00:07,2021-07-17 18:00:07
504,2021-07-18 16:47:28,2877476,2261658,73582,542236,44721,29264,1093,14364,2021-07-18 18:00:05,2021-07-18 18:00:05
505,2021-07-19 16:47:27,2911733,2293875,74920,542938,34257,32217,1338,702,2021-07-19 18:00:08,2021-07-19 18:00:08
506,2021-07-20 16:15:52,2950058,2323666,76200,550192,38325,29791,1280,7254,2021-07-20 18:00:05,2021-07-20 18:00:05
507,2021-07-21 17:41:02,2983830,2356553,77583,549694,33772,32887,1383,-498,2021-07-21 20:21:52,2021-07-21 20:21:52
508,2021-07-22 17:02:41,3033339,2392923,79032,561384,49509,36370,1449,11690,2021-07-22 18:29:39,2021-07-22 18:29:39
509,2021-07-23 16:27:10,3082410,2431911,80598,569901,49071,38988,1566,8517,2021-07-23 18:00:08,2021-07-23 18:00:08
510,2021-07-24 16:12:28,3127826,2471678,82013,574135,45416,39767,1415,4234,2021-07-24 17:58:41,2021-07-24 17:58:41