-- phpMyAdmin SQL Dump
-- version 4.9.2
-- https://www.phpmyadmin.net/
--
-- Host: 127.0.0.1
-- Generation Time: Jun 15, 2020 at 08:10 AM
-- Server version: 10.4.11-MariaDB
-- PHP Version: 7.3.13

SET SQL_MODE = "NO_AUTO_VALUE_ON_ZERO";
SET AUTOCOMMIT = 0;
START TRANSACTION;
SET time_zone = "+00:00";


/*!40101 SET @OLD_CHARACTER_SET_CLIENT=@@CHARACTER_SET_CLIENT */;
/*!40101 SET @OLD_CHARACTER_SET_RESULTS=@@CHARACTER_SET_RESULTS */;
/*!40101 SET @OLD_COLLATION_CONNECTION=@@COLLATION_CONNECTION */;
/*!40101 SET NAMES utf8mb4 */;

--
-- Database: `picosulteng`
--

-- --------------------------------------------------------

--
-- Table structure for table `donations`
--

CREATE TABLE `donations` (
  `id` int(11) NOT NULL,
  `nama` varchar(100) NOT NULL,
  `phone` varchar(20) NOT NULL,
  `image` varchar(500) NOT NULL,
  `status` tinyint(1) NOT NULL,
  `created_at` timestamp NULL DEFAULT NULL,
  `updated_at` timestamp NULL DEFAULT NULL
) ENGINE=InnoDB DEFAULT CHARSET=utf8mb4;

--
-- Dumping data for table `donations`
--

INSERT INTO `donations` (`id`, `nama`, `phone`, `image`, `status`, `created_at`, `updated_at`) VALUES
(1, 'IKASMAZHAR Palu Peduli COVID-19', '081242305923', 'ikasmazhar.jpg', 1, NULL, '2020-05-28 02:20:43'),
(2, 'Millenial Tanggap COVID-19', '082154784093', 'mtc.jpg', 0, NULL, NULL),
(3, 'BakuBantu Mahasiswa Rantau', '0821 8851 5184', 'bakubantu.png', 1, NULL, NULL),
(4, '#BantuLawanCovid19', '0822 9631 8262', 'sultengbergerak.png', 1, NULL, NULL),
(6, '#JagaPalu', '085146115289', 'jagapalu.jpg', 1, '2020-06-11 20:07:48', '2020-06-11 20:07:48');

-- --------------------------------------------------------

--
-- Table structure for table `genders`
--

CREATE TABLE `genders` (
  `day` bigint(20) UNSIGNED NOT NULL,
  `positive_male` int(11) NOT NULL DEFAULT 0,
  `positive_female` int(11) NOT NULL DEFAULT 0,
  `pdp_male` int(11) NOT NULL DEFAULT 0,
  `pdp_female` int(11) NOT NULL DEFAULT 0,
  `positive_male_0_14` int(11) NOT NULL DEFAULT 0,
  `positive_male_15_19` int(11) NOT NULL DEFAULT 0,
  `positive_male_20_24` int(11) NOT NULL DEFAULT 0,
  `positive_male_25_49` int(11) NOT NULL DEFAULT 0,
  `positive_male_50_54` int(11) NOT NULL DEFAULT 0,
  `positive_male_55` int(11) NOT NULL DEFAULT 0,
  `positive_female_0_14` int(11) NOT NULL DEFAULT 0,
  `positive_female_15_19` int(11) NOT NULL DEFAULT 0,
  `positive_female_20_24` int(11) NOT NULL DEFAULT 0,
  `positive_female_25_49` int(11) NOT NULL DEFAULT 0,
  `positive_female_50_54` int(11) NOT NULL DEFAULT 0,
  `positive_female_55` int(11) NOT NULL DEFAULT 0,
  `pdp_male_0_14` int(11) NOT NULL DEFAULT 0,
  `pdp_male_15_19` int(11) NOT NULL DEFAULT 0,
  `pdp_male_20_24` int(11) NOT NULL DEFAULT 0,
  `pdp_male_25_49` int(11) NOT NULL DEFAULT 0,
  `pdp_male_50_54` int(11) NOT NULL DEFAULT 0,
  `pdp_male_55` int(11) NOT NULL DEFAULT 0,
  `pdp_female_0_14` int(11) NOT NULL DEFAULT 0,
  `pdp_female_15_19` int(11) NOT NULL DEFAULT 0,
  `pdp_female_20_24` int(11) NOT NULL DEFAULT 0,
  `pdp_female_25_49` int(11) NOT NULL DEFAULT 0,
  `pdp_female_50_54` int(11) NOT NULL DEFAULT 0,
  `pdp_female_55` int(11) NOT NULL DEFAULT 0,
  `created_at` timestamp NOT NULL DEFAULT current_timestamp(),
  `updated_at` timestamp NOT NULL DEFAULT current_timestamp()
) ENGINE=InnoDB DEFAULT CHARSET=utf8mb4;

--
-- Dumping data for table `genders`
--

INSERT INTO `genders` (`day`, `positive_male`, `positive_female`, `pdp_male`, `pdp_female`, `positive_male_0_14`, `positive_male_15_19`, `positive_male_20_24`, `positive_male_25_49`, `positive_male_50_54`, `positive_male_55`, `positive_female_0_14`, `positive_female_15_19`, `positive_female_20_24`, `positive_female_25_49`, `positive_female_50_54`, `positive_female_55`, `pdp_male_0_14`, `pdp_male_15_19`, `pdp_male_20_24`, `pdp_male_25_49`, `pdp_male_50_54`, `pdp_male_55`, `pdp_female_0_14`, `pdp_female_15_19`, `pdp_female_20_24`, `pdp_female_25_49`, `pdp_female_50_54`, `pdp_female_55`, `created_at`, `updated_at`) VALUES
(37, 22, 14, 58, 50, 1, 2, 2, 10, 2, 5, 1, 0, 2, 7, 1, 3, 7, 7, 1, 30, 4, 8, 6, 6, 2, 25, 4, 7, '2020-06-14 08:47:58', '2020-06-14 08:47:58'),
(38, 26, 16, 59, 50, 1, 2, 2, 13, 3, 5, 1, 1, 2, 7, 2, 3, 7, 7, 2, 30, 4, 8, 6, 6, 2, 25, 4, 7, '2020-06-14 08:35:57', '2020-06-14 08:35:57'),
(39, 27, 20, 59, 53, 1, 2, 2, 13, 4, 5, 1, 1, 2, 10, 3, 3, 7, 7, 2, 30, 5, 8, 6, 6, 2, 27, 4, 7, '2020-06-14 07:56:53', '2020-06-14 07:56:53'),
(40, 27, 20, 60, 53, 1, 2, 2, 13, 4, 5, 1, 1, 2, 10, 3, 3, 7, 7, 2, 30, 5, 9, 6, 6, 2, 27, 4, 7, '2020-06-14 07:55:15', '2020-06-14 07:55:15'),
(41, 27, 20, 60, 53, 1, 2, 2, 13, 4, 5, 1, 1, 2, 10, 3, 3, 7, 7, 2, 30, 5, 9, 6, 6, 2, 27, 4, 7, '2020-06-14 07:47:57', '2020-06-14 07:47:57'),
(42, 39, 20, 61, 53, 2, 2, 5, 18, 5, 7, 1, 1, 2, 10, 3, 3, 7, 7, 2, 31, 5, 9, 6, 6, 2, 27, 4, 7, '2020-06-14 07:40:38', '2020-06-14 07:40:38'),
(43, 39, 20, 64, 56, 2, 2, 5, 18, 5, 7, 1, 1, 2, 10, 3, 3, 7, 7, 2, 32, 5, 11, 6, 6, 2, 28, 4, 10, '2020-06-14 07:29:21', '2020-06-14 07:29:21'),
(44, 39, 20, 69, 58, 2, 2, 5, 18, 5, 7, 1, 1, 2, 10, 3, 3, 7, 7, 2, 37, 5, 11, 6, 6, 2, 30, 4, 10, '2020-06-14 07:20:29', '2020-06-14 07:20:29'),
(45, 50, 20, 72, 58, 2, 2, 5, 28, 5, 8, 1, 1, 2, 10, 3, 3, 7, 7, 2, 39, 5, 12, 6, 6, 2, 30, 4, 10, '2020-06-14 07:18:04', '2020-06-14 07:18:04'),
(46, 50, 20, 72, 58, 2, 2, 5, 28, 5, 8, 1, 1, 2, 10, 3, 3, 7, 7, 2, 39, 5, 12, 6, 6, 2, 30, 4, 10, '2020-06-14 07:09:14', '2020-06-14 07:09:14'),
(47, 55, 20, 72, 58, 2, 2, 5, 33, 5, 8, 1, 1, 2, 10, 3, 3, 7, 7, 2, 39, 5, 12, 6, 6, 2, 30, 4, 10, '2020-06-14 07:05:41', '2020-06-14 07:05:41'),
(48, 55, 20, 73, 60, 2, 2, 5, 33, 5, 8, 1, 1, 2, 10, 3, 3, 7, 7, 2, 40, 5, 12, 6, 6, 2, 32, 4, 10, '2020-06-14 06:59:41', '2020-06-14 06:59:41'),
(49, 55, 20, 82, 60, 2, 2, 5, 33, 5, 8, 1, 1, 2, 10, 3, 3, 9, 8, 2, 44, 5, 14, 6, 6, 2, 32, 4, 10, '2020-06-14 06:52:37', '2020-06-14 06:52:37'),
(50, 60, 23, 82, 62, 4, 4, 5, 34, 5, 8, 1, 1, 2, 13, 3, 3, 9, 8, 2, 44, 5, 14, 7, 6, 2, 32, 4, 11, '2020-06-14 06:48:33', '2020-06-14 06:48:33'),
(51, 60, 23, 84, 62, 4, 4, 5, 34, 5, 8, 1, 1, 2, 13, 3, 3, 9, 8, 2, 44, 6, 15, 7, 6, 2, 32, 4, 11, '2020-06-14 06:42:05', '2020-06-14 06:42:05'),
(52, 71, 24, 84, 62, 4, 4, 5, 41, 5, 12, 1, 1, 2, 13, 3, 4, 9, 8, 2, 44, 6, 15, 7, 6, 2, 32, 4, 11, '2020-06-14 06:35:52', '2020-06-14 06:35:52'),
(53, 76, 25, 84, 63, 4, 4, 5, 43, 7, 13, 1, 1, 2, 14, 3, 4, 9, 8, 2, 44, 6, 15, 7, 6, 2, 33, 4, 11, '2020-06-14 06:29:45', '2020-06-14 06:29:45'),
(54, 84, 27, 86, 65, 4, 4, 6, 46, 8, 16, 1, 1, 2, 16, 3, 4, 9, 8, 2, 46, 6, 15, 7, 6, 2, 34, 4, 12, '2020-06-14 06:23:35', '2020-06-14 06:23:35'),
(55, 85, 27, 88, 67, 4, 4, 6, 47, 8, 16, 1, 1, 2, 16, 3, 4, 9, 8, 2, 47, 6, 16, 7, 6, 2, 36, 4, 12, '2020-06-14 06:15:53', '2020-06-14 06:15:53'),
(56, 86, 27, 92, 69, 4, 5, 6, 47, 8, 16, 1, 1, 2, 16, 3, 4, 10, 8, 2, 49, 6, 17, 7, 6, 2, 37, 5, 12, '2020-06-14 06:09:06', '2020-06-14 06:09:06'),
(57, 88, 27, 92, 70, 4, 5, 6, 49, 8, 16, 1, 1, 2, 16, 3, 4, 10, 8, 2, 49, 6, 17, 7, 6, 2, 37, 5, 13, '2020-06-14 06:06:40', '2020-06-14 06:06:40'),
(58, 88, 27, 92, 70, 4, 5, 6, 49, 8, 16, 1, 1, 2, 16, 3, 4, 10, 8, 2, 49, 6, 17, 7, 6, 2, 37, 5, 13, '2020-06-14 06:04:15', '2020-06-14 06:04:15'),
(59, 88, 27, 93, 70, 4, 5, 6, 49, 8, 16, 1, 1, 2, 16, 3, 4, 10, 8, 2, 50, 6, 17, 7, 6, 2, 37, 5, 13, '2020-06-14 05:59:34', '2020-06-14 05:59:34'),
(60, 88, 27, 95, 71, 4, 5, 6, 49, 8, 16, 1, 1, 2, 16, 3, 4, 10, 9, 2, 51, 6, 17, 8, 6, 2, 37, 5, 13, '2020-06-14 05:35:29', '2020-06-14 05:35:29'),
(61, 88, 29, 96, 72, 4, 5, 6, 49, 8, 16, 2, 1, 2, 16, 3, 5, 10, 9, 2, 52, 6, 17, 8, 6, 2, 38, 5, 13, '2020-06-14 05:30:19', '2020-06-14 05:30:19'),
(62, 88, 29, 97, 73, 4, 5, 6, 49, 8, 16, 2, 1, 2, 16, 3, 5, 10, 9, 2, 52, 6, 18, 8, 6, 2, 39, 5, 13, '2020-06-14 05:17:59', '2020-06-14 05:17:59'),
(63, 90, 30, 97, 74, 5, 5, 6, 50, 8, 16, 2, 1, 2, 17, 3, 5, 10, 9, 2, 52, 6, 18, 8, 7, 2, 39, 5, 13, '2020-06-14 05:11:23', '2020-06-14 05:11:23'),
(64, 90, 30, 97, 74, 5, 5, 6, 50, 8, 16, 2, 2, 2, 17, 2, 5, 10, 9, 2, 52, 6, 18, 8, 7, 2, 39, 5, 13, '2020-06-14 05:09:32', '2020-06-14 05:09:32'),
(65, 90, 30, 97, 74, 5, 5, 6, 50, 8, 16, 2, 2, 2, 17, 2, 5, 10, 9, 2, 52, 6, 18, 8, 7, 2, 39, 5, 13, '2020-06-14 05:05:48', '2020-06-14 05:05:48'),
(66, 90, 30, 99, 74, 5, 5, 6, 50, 8, 16, 2, 2, 2, 17, 2, 5, 11, 9, 2, 53, 6, 18, 8, 7, 2, 39, 5, 13, '2020-06-14 04:50:54', '2020-06-14 04:50:54'),
(67, 90, 30, 103, 75, 5, 5, 6, 50, 8, 16, 2, 2, 2, 17, 2, 5, 11, 9, 3, 55, 7, 18, 8, 7, 2, 39, 6, 13, '2020-06-14 04:40:04', '2020-06-14 04:40:04'),
(68, 93, 33, 104, 75, 5, 5, 6, 51, 8, 18, 2, 2, 2, 18, 3, 6, 11, 10, 3, 55, 7, 18, 8, 7, 2, 39, 6, 13, '2020-06-14 04:18:24', '2020-06-14 04:18:24'),
(69, 93, 33, 104, 76, 5, 5, 6, 51, 8, 18, 2, 2, 2, 18, 3, 6, 11, 10, 3, 55, 7, 18, 8, 7, 2, 40, 6, 13, '2020-06-14 04:12:13', '2020-06-14 04:12:13'),
(70, 93, 33, 107, 77, 5, 5, 6, 51, 8, 18, 2, 2, 2, 18, 3, 6, 11, 10, 3, 56, 8, 19, 8, 7, 2, 40, 6, 14, '2020-06-14 04:00:06', '2020-06-14 04:00:06'),
(71, 93, 35, 108, 77, 5, 5, 6, 51, 8, 18, 2, 2, 3, 19, 3, 6, 11, 10, 3, 56, 8, 20, 8, 7, 2, 40, 6, 14, '2020-06-14 03:54:16', '2020-06-14 03:54:16'),
(72, 93, 35, 108, 77, 5, 5, 6, 51, 8, 18, 2, 2, 3, 19, 3, 6, 11, 10, 3, 56, 8, 20, 8, 7, 2, 40, 6, 14, '2020-06-14 03:44:57', '2020-06-14 03:44:57'),
(73, 93, 35, 109, 77, 5, 5, 6, 51, 8, 18, 2, 2, 3, 19, 3, 6, 11, 10, 3, 57, 8, 20, 8, 7, 2, 40, 6, 14, '2020-06-14 03:36:29', '2020-06-14 03:36:29'),
(74, 94, 35, 112, 77, 5, 6, 6, 51, 8, 18, 2, 2, 3, 19, 3, 6, 12, 11, 3, 58, 8, 20, 8, 7, 2, 40, 6, 14, '2020-06-14 02:46:11', '2020-06-14 02:46:11'),
(75, 94, 35, 112, 77, 5, 6, 6, 51, 8, 18, 2, 2, 3, 19, 3, 6, 12, 11, 3, 58, 8, 20, 8, 7, 2, 40, 6, 14, '2020-06-13 18:18:03', '2020-06-13 18:18:03'),
(76, 101, 35, 113, 77, 7, 7, 6, 54, 9, 18, 2, 2, 3, 19, 3, 6, 12, 11, 3, 59, 8, 20, 8, 7, 2, 40, 6, 14, '2020-06-13 18:08:36', '2020-06-13 18:08:36'),
(77, 101, 38, 118, 77, 7, 7, 6, 54, 9, 18, 3, 2, 3, 20, 3, 7, 12, 11, 3, 63, 9, 20, 8, 7, 2, 40, 6, 14, '2020-06-13 17:59:07', '2020-06-13 17:59:07'),
(78, 116, 43, 118, 78, 8, 7, 9, 65, 9, 18, 3, 2, 3, 24, 4, 7, 12, 11, 3, 63, 9, 20, 8, 8, 2, 40, 6, 14, '2020-06-13 17:55:46', '2020-06-13 17:55:46'),
(79, 116, 43, 118, 79, 8, 7, 9, 65, 9, 18, 3, 2, 3, 24, 4, 7, 12, 11, 3, 63, 9, 20, 8, 8, 2, 41, 6, 14, '2020-06-13 17:49:29', '2020-06-13 17:49:29'),
(80, 116, 43, 119, 80, 8, 7, 9, 65, 9, 18, 3, 2, 3, 24, 4, 7, 12, 12, 3, 63, 9, 20, 8, 8, 2, 42, 6, 14, '2020-06-13 17:44:54', '2020-06-13 17:44:54'),
(81, 116, 43, 120, 80, 8, 7, 9, 65, 9, 18, 3, 2, 3, 24, 4, 7, 13, 12, 3, 63, 9, 20, 8, 8, 2, 42, 6, 14, '2020-06-13 17:38:21', '2020-06-13 17:38:21'),
(82, 116, 43, 125, 82, 8, 7, 9, 65, 9, 18, 3, 2, 3, 24, 4, 7, 13, 12, 5, 64, 9, 22, 8, 8, 3, 43, 6, 14, '2020-06-13 17:30:54', '2020-06-13 17:30:54'),
(83, 116, 43, 125, 83, 8, 7, 9, 65, 9, 18, 3, 2, 3, 24, 4, 7, 13, 12, 5, 64, 9, 22, 9, 8, 3, 43, 6, 14, '2020-06-13 17:20:03', '2020-06-13 17:20:03'),
(84, 119, 49, 126, 84, 8, 8, 9, 67, 9, 18, 3, 3, 5, 27, 4, 7, 13, 12, 5, 65, 9, 22, 9, 8, 3, 43, 6, 15, '2020-06-09 21:20:04', '2020-06-09 21:20:04'),
(85, 121, 49, 128, 84, 8, 9, 10, 67, 9, 18, 3, 3, 5, 27, 4, 7, 15, 12, 5, 65, 9, 22, 9, 8, 3, 43, 6, 15, '2020-06-14 09:34:11', '2020-06-14 09:34:11');

-- --------------------------------------------------------

--
-- Table structure for table `infographics`
--

CREATE TABLE `infographics` (
  `id` bigint(20) UNSIGNED NOT NULL,
  `title` varchar(255) COLLATE utf8mb4_unicode_ci NOT NULL,
  `link` varchar(255) COLLATE utf8mb4_unicode_ci NOT NULL,
  `created_at` timestamp NULL DEFAULT current_timestamp(),
  `updated_at` timestamp NULL DEFAULT current_timestamp()
) ENGINE=InnoDB DEFAULT CHARSET=utf8mb4 COLLATE=utf8mb4_unicode_ci;

--
-- Dumping data for table `infographics`
--

INSERT INTO `infographics` (`id`, `title`, `link`, `created_at`, `updated_at`) VALUES
(1, 'Edukasi Pasien COVID-19 Setelah Rawat Inap', 'https://www.instagram.com/p/CAO0qIbHf7U/', '2020-06-15 03:13:28', '2020-06-15 03:13:28'),
(2, 'Jaga Lansia Dari COVID-19', 'https://www.instagram.com/p/CAR3yuHnq53/', '2020-06-15 03:15:21', '2020-06-15 03:15:21'),
(3, 'Edukasi Balita Mengenai COVID-19', 'https://www.instagram.com/p/CAZojTyH_C-/', '2020-06-15 03:25:42', '2020-06-15 03:25:42'),
(4, '7 Cara Cek & Cegah Penyebaran Hoaks Saat Pandemi', 'https://www.instagram.com/p/CApJp5Onr8L/', '2020-06-15 05:00:25', '2020-06-15 05:00:25'),
(5, 'Menghadapi Situasi Rumah yang Tidak Nyaman', 'https://www.instagram.com/p/CAtw-ZyHgpn/', '2020-06-15 05:24:34', '2020-06-15 05:24:34'),
(6, 'Protokol Pengiriman Paket Saat Pandemi', 'https://www.instagram.com/p/CAz2VQ3HAMl/', '2020-06-15 05:29:39', '2020-06-15 05:29:39'),
(7, 'Cara Membersihkan & Mendisinfeksi Rumah Pasien COVID-19 ', 'https://www.instagram.com/p/CA2biMoHToD/', '2020-06-15 05:31:44', '2020-06-15 05:31:44'),
(8, '#DiRumahJo : Momentum Untuk Introspeksi Diri', 'https://www.instagram.com/p/CA4T5liH0D1/', '2020-06-15 05:34:26', '2020-06-15 05:34:26'),
(9, 'Syarat Pelaku Perjalanan Keluar/Masuk Palu', 'https://www.instagram.com/p/CA-G4yLHFt9/', '2020-06-15 05:38:33', '2020-06-15 05:38:33'),
(10, 'Pencegahan COVID-19 Bagi Pekerja di Era New Normal', 'https://www.instagram.com/p/CBDZ5B2nijY/', '2020-06-15 05:40:43', '2020-06-15 05:40:43'),
(11, 'COVID-19 & Anak Muda ', 'https://www.instagram.com/p/CBF4U6rHpY-/', '2020-06-15 05:44:03', '2020-06-15 05:44:03'),
(12, 'Reaksi Emosi Saat Pandemi', 'https://www.instagram.com/p/CBLISSTH4GU/', '2020-06-15 05:48:13', '2020-06-15 05:48:13'),
(13, 'COVID-19 Tidak Menyebar Melalui Makanan', 'https://www.instagram.com/p/CBNvtzFHygp/', '2020-06-15 05:52:38', '2020-06-15 05:52:38'),
(14, 'Tukang Cukur di Masa Pandemi', 'https://www.instagram.com/p/CBVpCcbnPU0/', '2020-06-15 05:55:56', '2020-06-15 05:55:56'),
(15, 'Stop Stigmatiasi', 'https://www.instagram.com/p/CBX3XJdHxRW/', '2020-06-15 05:57:55', '2020-06-15 05:57:55');

-- --------------------------------------------------------

--
-- Table structure for table `infographic_images`
--

CREATE TABLE `infographic_images` (
  `id` bigint(20) NOT NULL,
  `id_infographic` bigint(20) UNSIGNED NOT NULL,
  `link` varchar(255) COLLATE utf8mb4_unicode_ci NOT NULL,
  `created_at` timestamp NULL DEFAULT current_timestamp(),
  `updated_at` timestamp NULL DEFAULT current_timestamp()
) ENGINE=InnoDB DEFAULT CHARSET=utf8mb4 COLLATE=utf8mb4_unicode_ci;

--
-- Dumping data for table `infographic_images`
--

INSERT INTO `infographic_images` (`id`, `id_infographic`, `link`, `created_at`, `updated_at`) VALUES
(1, 1, 'https://i.ibb.co/HT8C9bq/image.png', '2020-06-15 03:19:14', '2020-06-15 03:19:14'),
(1, 2, 'https://i.ibb.co/NFcbHVQ/image.png', '2020-06-15 03:23:41', '2020-06-15 03:23:41'),
(1, 3, 'https://i.ibb.co/mBRzVRd/image.png', '2020-06-15 03:29:18', '2020-06-15 03:29:18'),
(1, 4, 'https://i.ibb.co/Jxm9n7Q/image.png', '2020-06-15 05:05:57', '2020-06-15 05:05:57'),
(1, 5, 'https://i.ibb.co/rtXn81K/image.png', '2020-06-15 05:28:36', '2020-06-15 05:28:36'),
(1, 6, 'https://i.ibb.co/3NnWvPW/image.png', '2020-06-15 05:30:39', '2020-06-15 05:30:39'),
(1, 7, 'https://i.ibb.co/0GfFZDC/image.png', '2020-06-15 05:33:26', '2020-06-15 05:33:26'),
(1, 8, 'https://i.ibb.co/mXS3VQn/image.png', '2020-06-15 05:37:22', '2020-06-15 05:37:22'),
(1, 9, 'https://i.ibb.co/z8FKtFT/image.png', '2020-06-15 05:40:00', '2020-06-15 05:40:00'),
(1, 10, 'https://i.ibb.co/F6Mdk1f/image.png', '2020-06-15 05:42:57', '2020-06-15 05:42:57'),
(1, 11, 'https://i.ibb.co/v3rD40c/image.png', '2020-06-15 05:45:26', '2020-06-15 05:45:26'),
(1, 12, 'https://i.ibb.co/GJXN49H/image.png', '2020-06-15 05:51:03', '2020-06-15 05:51:03'),
(1, 13, 'https://i.ibb.co/LSwHh8y/image.png', '2020-06-15 05:55:04', '2020-06-15 05:55:04'),
(1, 14, 'https://i.ibb.co/6HxmRk5/image.png', '2020-06-15 05:56:53', '2020-06-15 05:56:53'),
(1, 15, 'https://i.ibb.co/bJfj8Fg/image.png', '2020-06-15 05:58:37', '2020-06-15 05:58:37'),
(2, 1, 'https://i.ibb.co/PMBPqbV/image.png', '2020-06-15 03:19:39', '2020-06-15 03:19:39'),
(2, 2, 'https://i.ibb.co/Mnm3xGf/image.png', '2020-06-15 03:24:56', '2020-06-15 03:24:56'),
(2, 3, 'https://i.ibb.co/S0FFkd9/image.png', '2020-06-15 03:29:18', '2020-06-15 03:29:18'),
(2, 4, 'https://i.ibb.co/9qDR3Zz/image.png', '2020-06-15 05:05:57', '2020-06-15 05:05:57'),
(2, 5, 'https://i.ibb.co/VSMR43D/image.png', '2020-06-15 05:28:36', '2020-06-15 05:28:36'),
(2, 7, 'https://i.ibb.co/ThTJX5z/image.png', '2020-06-15 05:33:26', '2020-06-15 05:33:26'),
(2, 8, 'https://i.ibb.co/WxZMS0g/image.png', '2020-06-15 05:37:22', '2020-06-15 05:37:22'),
(2, 9, 'https://i.ibb.co/pfCzqdR/image.png', '2020-06-15 05:40:00', '2020-06-15 05:40:00'),
(2, 10, 'https://i.ibb.co/kG4XMXY/image.png', '2020-06-15 05:42:57', '2020-06-15 05:42:57'),
(2, 11, 'https://i.ibb.co/2tnyhPC/image.png', '2020-06-15 05:45:26', '2020-06-15 05:45:26'),
(2, 12, 'https://i.ibb.co/6X0zqyr/image.png', '2020-06-15 05:51:03', '2020-06-15 05:51:03'),
(2, 13, 'https://i.ibb.co/Hdsdvbr/image.png', '2020-06-15 05:55:04', '2020-06-15 05:55:04'),
(2, 14, 'https://i.ibb.co/kMgYcDH/image.png', '2020-06-15 05:56:53', '2020-06-15 05:56:53'),
(2, 15, 'https://i.ibb.co/JQ7pxhw/image.png', '2020-06-15 05:58:37', '2020-06-15 05:58:37'),
(3, 2, 'https://i.ibb.co/9sTSL8P/image.png', '2020-06-15 03:26:56', '2020-06-15 03:26:56'),
(3, 3, 'https://i.ibb.co/N99x30y/image.png', '2020-06-15 03:29:18', '2020-06-15 03:29:18'),
(3, 4, 'https://i.ibb.co/cyxzLNZ/image.png', '2020-06-15 05:05:57', '2020-06-15 05:05:57'),
(3, 5, 'https://i.ibb.co/T2D2QsT/image.png', '2020-06-15 05:28:36', '2020-06-15 05:28:36'),
(3, 7, 'https://i.ibb.co/nQz6LV0/image.png', '2020-06-15 05:33:26', '2020-06-15 05:33:26'),
(3, 8, 'https://i.ibb.co/HKdp1Ng/image.png', '2020-06-15 05:37:22', '2020-06-15 05:37:22'),
(3, 9, 'https://i.ibb.co/3dB46P3/image.png', '2020-06-15 05:40:00', '2020-06-15 05:40:00'),
(3, 10, 'https://i.ibb.co/vJvP45s/image.png', '2020-06-15 05:42:57', '2020-06-15 05:42:57'),
(3, 12, 'https://i.ibb.co/6bXzrz3/image.png', '2020-06-15 05:51:03', '2020-06-15 05:51:03'),
(3, 13, 'https://i.ibb.co/Cw1xpyx/image.png', '2020-06-15 05:55:04', '2020-06-15 05:55:04'),
(4, 4, 'https://i.ibb.co/rkpmvdS/image.png', '2020-06-15 05:05:57', '2020-06-15 05:05:57'),
(4, 5, 'https://i.ibb.co/Pt8cTDX/image.png', '2020-06-15 05:28:36', '2020-06-15 05:28:36'),
(4, 8, 'https://i.ibb.co/sVpyr1M/image.png', '2020-06-15 05:37:22', '2020-06-15 05:37:22'),
(4, 10, 'https://i.ibb.co/vJvP45s/image.png', '2020-06-15 05:42:57', '2020-06-15 05:42:57'),
(4, 12, 'https://i.ibb.co/ySJ3Jrx/image.png', '2020-06-15 05:51:03', '2020-06-15 05:51:03'),
(4, 13, 'https://i.ibb.co/5T1hq1v/image.png', '2020-06-15 05:55:04', '2020-06-15 05:55:04'),
(5, 4, 'https://i.ibb.co/SBCksxn/image.png', '2020-06-15 05:05:57', '2020-06-15 05:05:57'),
(5, 5, 'https://i.ibb.co/gwnFzT4/image.png', '2020-06-15 05:28:36', '2020-06-15 05:28:36'),
(5, 8, 'https://i.ibb.co/sWCSSNr/image.png', '2020-06-15 05:37:22', '2020-06-15 05:37:22'),
(5, 12, 'https://i.ibb.co/d6fGgyw/image.png', '2020-06-15 05:51:03', '2020-06-15 05:51:03'),
(5, 13, 'https://i.ibb.co/vvtv0cx/image.png', '2020-06-15 05:55:04', '2020-06-15 05:55:04'),
(6, 4, 'https://i.ibb.co/6W7T9QX/image.png', '2020-06-15 05:05:57', '2020-06-15 05:05:57'),
(6, 5, 'https://i.ibb.co/s3yLy4D/image.png', '2020-06-15 05:28:36', '2020-06-15 05:28:36'),
(6, 8, 'https://i.ibb.co/42cB9vb/image.png', '2020-06-15 05:37:22', '2020-06-15 05:37:22'),
(6, 12, 'https://i.ibb.co/XttsdJH/image.png', '2020-06-15 05:51:03', '2020-06-15 05:51:03'),
(6, 13, 'https://i.ibb.co/RQTRNgN/image.png', '2020-06-15 05:55:04', '2020-06-15 05:55:04'),
(7, 4, 'https://i.ibb.co/QP6W90Y/image.png', '2020-06-15 05:05:57', '2020-06-15 05:05:57'),
(7, 5, 'https://i.ibb.co/FqSKkvR/image.png', '2020-06-15 05:28:36', '2020-06-15 05:28:36'),
(7, 8, 'https://i.ibb.co/5B5zv43/image.png', '2020-06-15 05:37:22', '2020-06-15 05:37:22'),
(7, 12, 'https://i.ibb.co/RSWvhGM/image.png', '2020-06-15 05:51:03', '2020-06-15 05:51:03'),
(8, 4, 'https://i.ibb.co/CQhrmFZ/image.png', '2020-06-15 05:05:57', '2020-06-15 05:05:57'),
(8, 5, 'https://i.ibb.co/hKyvFm1/image.png', '2020-06-15 05:28:36', '2020-06-15 05:28:36'),
(8, 8, 'https://i.ibb.co/DrbFWhw/image.png', '2020-06-15 05:37:22', '2020-06-15 05:37:22'),
(8, 12, 'https://i.ibb.co/kGmMrVC/image.png', '2020-06-15 05:51:03', '2020-06-15 05:51:03'),
(9, 5, 'https://i.ibb.co/r3jBg0J/image.png', '2020-06-15 05:28:36', '2020-06-15 05:28:36'),
(10, 5, 'https://i.ibb.co/NyPV85y/image.png', '2020-06-15 05:28:36', '2020-06-15 05:28:36');

-- --------------------------------------------------------

--
-- Table structure for table `kabupaten`
--

CREATE TABLE `kabupaten` (
  `no` int(11) NOT NULL,
  `kabupaten` varchar(50) COLLATE utf8mb4_unicode_ci NOT NULL,
  `ODP` int(11) NOT NULL,
  `PDP` int(11) NOT NULL,
  `positif` int(11) NOT NULL,
  `negatif` int(11) NOT NULL,
  `sembuh` int(11) NOT NULL,
  `meninggal` int(11) NOT NULL,
  `selesai_pengawasan` int(11) NOT NULL,
  `selesai_pemantauan` int(11) NOT NULL,
  `created_at` timestamp NULL DEFAULT NULL,
  `updated_at` timestamp NULL DEFAULT NULL
) ENGINE=InnoDB DEFAULT CHARSET=utf8mb4 COLLATE=utf8mb4_unicode_ci;

--
-- Dumping data for table `kabupaten`
--

INSERT INTO `kabupaten` (`no`, `kabupaten`, `ODP`, `PDP`, `positif`, `negatif`, `sembuh`, `meninggal`, `selesai_pengawasan`, `selesai_pemantauan`, `created_at`, `updated_at`) VALUES
(1, 'Banggai', 73, 9, 10, 10, 3, 0, 9, 68, '2020-05-04 20:41:03', '2020-06-14 17:14:36'),
(2, 'Banggai Kepulauan', 9, 0, 1, 0, 1, 0, 0, 9, '2020-05-04 20:41:03', '2020-06-10 18:11:24'),
(3, 'Banggai Laut', 13, 0, 1, 0, 0, 0, 0, 13, '2020-05-04 20:41:03', '2020-06-06 18:27:45'),
(4, 'Buol', 138, 5, 57, 6, 47, 0, 5, 105, '2020-05-04 20:41:03', '2020-06-14 17:15:09'),
(5, 'Donggala', 42, 6, 1, 6, 0, 0, 6, 26, '2020-05-04 20:41:03', '2020-06-14 17:15:32'),
(6, 'Morowali', 35, 21, 12, 16, 8, 0, 18, 35, '2020-05-04 20:41:03', '2020-06-14 17:16:28'),
(7, 'Morowali Utara', 18, 29, 14, 21, 13, 1, 26, 17, '2020-05-04 20:41:03', '2020-06-14 17:17:12'),
(8, 'Parigi Mautong', 116, 6, 1, 6, 0, 0, 6, 109, '2020-05-04 20:41:03', '2020-06-13 18:59:13'),
(9, 'Poso', 41, 22, 12, 14, 12, 0, 16, 26, '2020-05-04 20:41:03', '2020-06-13 18:59:50'),
(10, 'Sigi', 34, 19, 4, 10, 3, 0, 18, 32, '2020-05-04 20:41:03', '2020-06-14 17:17:28'),
(11, 'Tojo Una-Una', 33, 8, 0, 7, 0, 0, 7, 29, '2020-05-04 20:41:03', '2020-06-14 17:17:48'),
(12, 'Toli-Toli', 261, 20, 18, 10, 12, 0, 13, 65, '2020-05-04 20:41:03', '2020-06-14 17:17:57'),
(13, 'Kota Palu', 354, 67, 39, 54, 16, 3, 64, 326, '2020-05-04 20:41:03', '2020-06-14 17:18:13');

-- --------------------------------------------------------

--
-- Table structure for table `local_case_histories`
--

CREATE TABLE `local_case_histories` (
  `created_at` timestamp NULL DEFAULT NULL,
  `updated_at` timestamp NULL DEFAULT NULL,
  `day` bigint(20) UNSIGNED NOT NULL,
  `district_id` int(11) NOT NULL,
  `positive` int(11) NOT NULL,
  `negative` int(11) NOT NULL,
  `recovered` int(11) NOT NULL,
  `death` int(11) NOT NULL,
  `new_ODP` int(11) NOT NULL,
  `finished_ODP` int(11) NOT NULL,
  `new_PDP` int(11) NOT NULL,
  `finished_PDP` int(11) NOT NULL
) ENGINE=InnoDB DEFAULT CHARSET=utf8mb4 COLLATE=utf8mb4_unicode_ci;

--
-- Dumping data for table `local_case_histories`
--

INSERT INTO `local_case_histories` (`created_at`, `updated_at`, `day`, `district_id`, `positive`, `negative`, `recovered`, `death`, `new_ODP`, `finished_ODP`, `new_PDP`, `finished_PDP`) VALUES
('2020-05-22 08:39:41', '2020-05-22 08:39:41', 1, 7, 0, 0, 0, 0, 1, 0, 1, 0),
('2020-05-22 08:39:41', '2020-05-22 08:39:41', 1, 8, 0, 0, 0, 0, 2, 0, 0, 0),
('2020-05-22 08:39:41', '2020-05-22 08:39:41', 1, 9, 0, 0, 0, 0, 1, 0, 0, 0),
('2020-05-22 08:39:41', '2020-05-22 08:39:41', 1, 10, 0, 0, 0, 0, 0, 0, 1, 0),
('2020-05-22 08:39:41', '2020-05-22 08:39:41', 1, 11, 0, 0, 0, 0, 3, 0, 1, 0),
('2020-05-22 08:39:41', '2020-05-22 08:39:41', 1, 12, 0, 0, 0, 0, 0, 0, 1, 0),
('2020-05-22 08:39:41', '2020-05-22 08:39:41', 1, 13, 0, 0, 0, 0, 3, 0, 3, 0),
('2020-05-22 08:39:41', '2020-05-22 08:39:41', 2, 1, 0, 0, 0, 0, 5, 0, 0, 0),
('2020-05-22 08:39:41', '2020-05-22 08:39:41', 2, 9, 0, 0, 0, 0, 3, 0, 1, 0),
('2020-05-22 08:39:41', '2020-05-22 08:39:41', 2, 10, 0, 0, 0, 0, 0, 0, 1, 0),
('2020-05-22 08:39:41', '2020-05-22 08:39:41', 2, 11, 0, 1, 0, 0, 0, 0, 0, 0),
('2020-05-22 08:39:41', '2020-05-22 08:39:41', 2, 13, 0, 2, 0, 0, 2, 0, 3, 0),
('2020-05-22 08:39:41', '2020-05-22 08:39:41', 3, 1, 0, 0, 0, 0, 0, 0, 1, 0),
('2020-05-22 08:39:41', '2020-05-22 08:39:41', 3, 10, 0, 0, 0, 0, 3, 0, 0, 0),
('2020-05-22 08:39:41', '2020-05-22 08:39:41', 3, 11, 0, 0, 0, 0, 0, 0, 1, 0),
('2020-05-22 08:39:41', '2020-05-22 08:39:41', 3, 13, 0, 0, 0, 0, 1, 0, 3, 0),
('2020-05-22 08:39:41', '2020-05-22 08:39:41', 4, 5, 0, 0, 0, 0, 6, 0, 0, 0),
('2020-05-22 08:39:41', '2020-05-22 08:39:41', 4, 7, 0, 0, 0, 0, 6, 0, 2, 0),
('2020-05-22 08:39:41', '2020-05-22 08:39:41', 4, 8, 0, 0, 0, 0, 5, 0, 0, 0),
('2020-05-22 08:39:41', '2020-05-22 08:39:41', 4, 10, 0, 0, 0, 0, 1, 0, 0, 0),
('2020-05-22 08:39:41', '2020-05-22 08:39:41', 4, 11, 0, 0, 0, 0, 1, 0, 0, 0),
('2020-05-22 08:39:41', '2020-05-22 08:39:41', 5, 1, 0, 0, 0, 0, 2, 0, 0, 0),
('2020-05-22 08:39:41', '2020-05-22 08:39:41', 5, 7, 0, 0, 0, 0, 1, 0, 0, 0),
('2020-05-22 08:39:41', '2020-05-22 08:39:41', 5, 9, 0, 0, 0, 0, 0, 1, 0, 0),
('2020-05-22 08:39:41', '2020-05-22 08:39:41', 5, 12, 0, 1, 0, 0, 0, 0, 0, 0),
('2020-05-22 08:39:41', '2020-05-22 08:39:41', 5, 13, 1, 0, 0, 0, 0, 0, 0, 0),
('2020-05-22 08:39:41', '2020-05-22 08:39:41', 6, 1, 0, 0, 0, 0, 1, 0, 0, 0),
('2020-05-22 08:39:41', '2020-05-22 08:39:41', 6, 13, 0, 1, 0, 0, 0, 0, 0, 0),
('2020-05-22 08:39:41', '2020-05-22 08:39:41', 7, 1, 0, 0, 0, 0, 2, 0, 0, 0),
('2020-05-22 08:39:41', '2020-05-22 08:39:41', 7, 7, 0, 0, 0, 0, 0, 0, 1, 0),
('2020-05-22 08:39:41', '2020-05-22 08:39:41', 7, 8, 0, 0, 0, 0, 1, 0, 1, 0),
('2020-05-22 08:39:41', '2020-05-22 08:39:41', 7, 13, 1, 0, 0, 0, 0, 1, 7, 0),
('2020-05-22 08:39:41', '2020-05-22 08:39:41', 8, 1, 0, 0, 0, 0, 3, 2, 0, 0),
('2020-05-22 08:39:41', '2020-05-22 08:39:41', 8, 2, 0, 0, 0, 0, 2, 0, 0, 0),
('2020-05-22 08:39:41', '2020-05-22 08:39:41', 8, 5, 0, 0, 0, 0, 5, 0, 0, 0),
('2020-05-22 08:39:41', '2020-05-22 08:39:41', 8, 8, 0, 0, 0, 0, 0, 1, 0, 0),
('2020-05-22 08:39:41', '2020-05-22 08:39:41', 8, 9, 0, 0, 0, 0, 0, 0, 0, 0),
('2020-05-22 08:39:41', '2020-05-22 08:39:41', 8, 12, 0, 0, 0, 0, 5, 0, 0, 0),
('2020-05-22 08:39:41', '2020-05-22 08:39:41', 9, 1, 0, 0, 0, 0, 2, 0, 0, 0),
('2020-05-22 08:39:41', '2020-05-22 08:39:41', 9, 2, 0, 0, 0, 0, 1, 0, 0, 0),
('2020-05-22 08:39:41', '2020-05-22 08:39:41', 9, 4, 0, 0, 0, 0, 1, 0, 0, 0),
('2020-05-22 08:39:41', '2020-05-22 08:39:41', 9, 5, 0, 0, 0, 0, 1, 0, 0, 0),
('2020-05-22 08:39:41', '2020-05-22 08:39:41', 9, 6, 0, 0, 0, 0, 4, 0, 0, 0),
('2020-05-22 08:39:41', '2020-05-22 08:39:41', 9, 7, 0, 0, 0, 0, 0, 0, 1, 0),
('2020-05-22 08:39:41', '2020-05-22 08:39:41', 9, 8, 0, 0, 0, 0, 33, 5, 0, 0),
('2020-05-22 08:39:41', '2020-05-22 08:39:41', 9, 11, 0, 0, 0, 0, 1, 0, 0, 0),
('2020-05-22 08:39:41', '2020-05-22 08:39:41', 9, 13, 0, 0, 0, 1, 0, 0, 0, 0),
('2020-05-22 08:39:41', '2020-05-22 08:39:41', 10, 1, 0, 1, 0, 0, 2, 0, 0, 0),
('2020-05-22 08:39:41', '2020-05-22 08:39:41', 10, 3, 0, 0, 0, 0, 1, 0, 0, 0),
('2020-05-22 08:39:41', '2020-05-22 08:39:41', 10, 4, 0, 0, 0, 0, 2, 0, 0, 0),
('2020-05-22 08:39:41', '2020-05-22 08:39:41', 10, 6, 0, 0, 0, 0, 3, 0, 0, 0),
('2020-05-22 08:39:41', '2020-05-22 08:39:41', 10, 7, 0, 0, 0, 0, 0, 0, 0, 0),
('2020-05-22 08:39:41', '2020-05-22 08:39:41', 10, 8, 0, 0, 0, 0, 1, 0, 0, 0),
('2020-05-22 08:39:41', '2020-05-22 08:39:41', 10, 9, 0, 0, 0, 0, 2, 0, 0, 0),
('2020-05-22 08:42:23', '2020-05-22 08:42:23', 11, 1, 0, 0, 0, 0, 1, 1, 0, 0),
('2020-05-22 08:42:23', '2020-05-22 08:42:23', 11, 4, 0, 0, 0, 0, 1, 0, 0, 0),
('2020-05-22 08:42:23', '2020-05-28 18:37:35', 11, 7, 0, 2, 0, 0, 0, 3, 0, 2),
('2020-05-22 08:42:23', '2020-05-22 08:42:23', 11, 8, 0, 0, 0, 0, 2, 1, 0, 0),
('2020-05-22 08:42:23', '2020-05-22 08:42:23', 11, 10, 0, 0, 0, 0, 0, 0, 0, 1),
('2020-05-22 08:42:23', '2020-05-22 08:42:23', 11, 11, 0, 0, 0, 0, 1, 0, 0, 0),
('2020-05-22 08:42:23', '2020-05-22 08:42:23', 11, 12, 0, 0, 0, 0, 3, 0, 0, 0),
('2020-05-22 08:42:23', '2020-05-28 18:38:39', 11, 13, 0, 0, 0, 0, 0, 0, 0, 0),
('2020-05-22 08:42:23', '2020-05-22 08:42:23', 12, 1, 0, 0, 0, 0, 3, 0, 0, 0),
('2020-05-22 08:42:23', '2020-05-22 08:42:23', 12, 6, 0, 0, 0, 0, 2, 0, 1, 0),
('2020-05-22 08:42:23', '2020-05-22 08:42:23', 12, 8, 0, 0, 0, 0, 4, 3, 0, 0),
('2020-05-22 08:42:23', '2020-05-22 08:42:23', 12, 10, 0, 0, 0, 0, 0, 1, 1, 0),
('2020-05-22 08:42:23', '2020-05-22 08:42:23', 12, 12, 0, 0, 0, 0, 1, 2, 0, 0),
('2020-05-22 08:42:23', '2020-05-22 08:42:23', 12, 13, 0, 0, 0, 0, 0, 2, 0, 0),
('2020-05-22 08:42:23', '2020-05-28 18:36:07', 13, 1, 0, 1, 0, 0, 1, 0, 0, 1),
('2020-05-22 18:42:30', '2020-05-22 18:42:30', 13, 4, 0, 0, 0, 0, 1, 0, 0, 0),
('2020-05-22 08:42:23', '2020-05-22 08:42:23', 13, 5, 0, 0, 0, 0, 0, 2, 0, 0),
('2020-05-22 08:42:23', '2020-05-22 08:42:23', 13, 6, 0, 0, 0, 0, 0, 0, 2, 0),
('2020-05-22 08:42:23', '2020-05-22 08:42:23', 13, 7, 0, 0, 0, 0, 0, 4, 0, 1),
('2020-05-22 08:42:23', '2020-05-22 08:42:23', 13, 8, 0, 0, 0, 0, 0, 1, 0, 0),
('2020-05-22 08:42:23', '2020-05-22 08:42:23', 13, 9, 0, 0, 0, 0, 0, 2, 0, 0),
('2020-05-22 08:42:23', '2020-05-22 08:42:23', 13, 12, 0, 0, 0, 0, 4, 0, 0, 1),
('2020-05-22 08:42:23', '2020-05-22 08:42:23', 13, 13, 2, 0, 0, 0, 1, 0, 1, 1),
('2020-05-22 08:42:23', '2020-05-22 08:42:23', 14, 6, 0, 0, 0, 0, 2, 0, 1, 0),
('2020-05-22 08:42:23', '2020-05-22 08:42:23', 14, 7, 0, 0, 0, 1, 0, 0, 0, 1),
('2020-05-22 08:42:23', '2020-05-22 08:42:23', 14, 8, 0, 0, 0, 0, 4, 3, 0, 0),
('2020-05-22 08:42:23', '2020-05-22 08:42:23', 14, 11, 0, 0, 0, 0, 1, 0, 0, 0),
('2020-05-22 08:42:23', '2020-05-22 08:42:23', 15, 1, 0, 0, 0, 0, 1, 1, 0, 0),
('2020-05-22 08:42:23', '2020-05-22 08:42:23', 15, 8, 0, 0, 0, 0, 1, 3, 0, 0),
('2020-05-22 08:42:23', '2020-05-22 08:42:23', 15, 9, 0, 0, 0, 0, 3, 0, 0, 0),
('2020-05-22 08:42:23', '2020-05-22 08:42:23', 15, 13, 0, 0, 0, 0, 0, 0, 1, 0),
('2020-05-22 08:42:23', '2020-05-22 08:42:23', 16, 1, 0, 0, 0, 0, 2, 4, 0, 0),
('2020-05-22 08:42:23', '2020-05-22 08:42:23', 16, 7, 1, 0, 0, 0, 0, 1, 0, 0),
('2020-05-22 08:42:23', '2020-05-22 08:42:23', 16, 8, 0, 0, 0, 0, 3, 2, 1, 0),
('2020-05-22 08:42:23', '2020-05-22 08:42:23', 16, 10, 0, 0, 0, 0, 1, 0, 0, 0),
('2020-05-22 08:42:23', '2020-05-22 08:42:23', 16, 11, 0, 0, 0, 0, 1, 0, 0, 0),
('2020-05-22 08:42:23', '2020-05-22 08:42:23', 16, 13, 0, 1, 0, 0, 255, 4, 4, 1),
('2020-05-22 08:42:23', '2020-05-22 08:42:23', 17, 1, 0, 0, 0, 0, 5, 1, 0, 0),
('2020-05-22 08:42:23', '2020-05-22 08:42:23', 17, 3, 0, 0, 0, 0, 1, 0, 0, 0),
('2020-05-22 08:42:23', '2020-05-22 08:42:23', 17, 4, 0, 0, 0, 0, 1, 0, 1, 0),
('2020-05-22 08:42:23', '2020-05-22 08:42:23', 17, 12, 0, 0, 0, 0, 2, 0, 0, 0),
('2020-05-22 08:42:23', '2020-05-22 08:42:23', 17, 13, 0, 0, 0, 0, 0, 15, 0, 0),
('2020-05-22 08:42:23', '2020-05-22 08:42:23', 18, 1, 0, 0, 0, 0, 0, 2, 0, 0),
('2020-05-22 08:42:23', '2020-05-22 08:42:23', 18, 2, 0, 0, 0, 0, 1, 0, 0, 0),
('2020-05-22 08:42:23', '2020-05-22 08:42:23', 18, 3, 0, 0, 0, 0, 3, 0, 0, 0),
('2020-05-22 08:42:23', '2020-05-22 08:42:23', 18, 6, 1, 1, 0, 0, 1, 3, 0, 2),
('2020-05-22 08:42:23', '2020-05-22 08:42:23', 18, 8, 0, 0, 0, 0, 2, 6, 0, 0),
('2020-05-22 08:42:23', '2020-05-22 08:42:23', 18, 9, 0, 0, 0, 0, 2, 0, 1, 0),
('2020-05-22 08:42:23', '2020-05-22 08:42:23', 18, 10, 0, 0, 0, 0, 2, 0, 3, 0),
('2020-05-22 08:42:23', '2020-05-22 08:42:23', 18, 11, 0, 0, 0, 0, 0, 1, 1, 0),
('2020-05-22 08:42:23', '2020-05-22 08:42:23', 18, 13, 0, 1, 2, 0, 4, 19, 2, 0),
('2020-05-22 08:42:23', '2020-05-22 08:42:23', 19, 1, 0, 0, 0, 0, 1, 2, 0, 0),
('2020-05-22 08:42:23', '2020-05-22 08:42:23', 19, 2, 0, 0, 0, 0, 2, 0, 0, 0),
('2020-05-22 08:42:23', '2020-05-22 08:42:23', 19, 6, 0, 0, 0, 0, 0, 0, 1, 0),
('2020-05-22 08:42:23', '2020-05-22 08:42:23', 19, 8, 0, 0, 0, 0, 1, 11, 0, 0),
('2020-05-22 08:42:23', '2020-05-22 08:42:23', 19, 10, 0, 0, 0, 0, 0, 1, 0, 2),
('2020-05-22 08:42:23', '2020-05-22 08:42:23', 19, 11, 0, 0, 0, 0, 1, 0, 0, 0),
('2020-05-22 08:42:23', '2020-05-22 08:42:23', 19, 12, 0, 0, 0, 0, 0, 5, 0, 0),
('2020-05-22 08:42:23', '2020-05-22 08:42:23', 19, 13, 0, 2, 0, 0, 0, 15, 0, 2),
('2020-05-22 08:42:23', '2020-05-22 08:42:23', 20, 1, 0, 0, 0, 0, 1, 1, 0, 0),
('2020-05-22 08:42:23', '2020-05-22 08:42:23', 20, 2, 0, 0, 0, 0, 2, 0, 0, 0),
('2020-05-22 08:42:23', '2020-05-22 08:42:23', 20, 4, 0, 0, 0, 0, 1, 0, 1, 1),
('2020-05-22 08:42:23', '2020-05-22 08:42:23', 20, 6, 0, 0, 0, 0, 0, 0, 0, 2),
('2020-05-22 08:42:23', '2020-05-22 08:42:23', 20, 7, 8, 0, 0, 0, 0, 0, 0, 0),
('2020-05-22 08:42:23', '2020-05-22 08:42:23', 20, 8, 0, 1, 0, 0, 2, 3, 0, 1),
('2020-05-22 08:42:23', '2020-05-22 08:42:23', 20, 10, 0, 1, 0, 0, 1, 0, 0, 0),
('2020-05-22 08:42:23', '2020-05-22 08:42:23', 20, 13, 0, 0, 0, 0, 0, 36, 1, 1),
('2020-05-22 08:47:05', '2020-05-22 08:47:05', 21, 1, 0, 0, 0, 0, 0, 1, 0, 0),
('2020-05-22 08:47:05', '2020-05-22 08:47:05', 21, 4, 1, 0, 0, 0, 0, 0, 0, 0),
('2020-05-22 08:47:05', '2020-05-22 08:47:05', 21, 6, 1, 0, 0, 0, 0, 0, 1, 1),
('2020-05-22 08:47:05', '2020-05-22 08:47:05', 21, 7, 0, 0, 0, 0, 0, 0, 1, 0),
('2020-05-22 08:47:05', '2020-05-22 08:47:05', 21, 8, 0, 0, 0, 0, 6, 1, 0, 0),
('2020-05-22 08:47:05', '2020-05-22 08:47:05', 21, 10, 0, 0, 0, 0, 1, 0, 1, 0),
('2020-05-22 08:47:05', '2020-05-22 08:47:05', 21, 11, 0, 0, 0, 0, 1, 1, 0, 1),
('2020-05-22 08:47:05', '2020-05-22 08:47:05', 21, 13, 3, 5, 0, 0, 2, 0, 0, 8),
('2020-05-22 08:47:05', '2020-05-22 08:47:05', 22, 1, 0, 0, 0, 0, 1, 1, 0, 0),
('2020-05-22 08:47:05', '2020-05-22 08:47:05', 22, 3, 0, 0, 0, 0, 2, 0, 0, 0),
('2020-05-22 08:47:05', '2020-05-22 08:47:05', 22, 5, 0, 0, 0, 0, 2, 0, 1, 0),
('2020-05-22 08:47:05', '2020-05-22 08:47:05', 22, 7, 0, 0, 0, 0, 3, 0, 0, 0),
('2020-05-22 08:47:05', '2020-05-22 08:47:05', 22, 8, 0, 0, 0, 0, 1, 4, 0, 0),
('2020-05-22 08:47:05', '2020-05-22 08:47:05', 22, 9, 0, 0, 0, 0, 1, 0, 0, 0),
('2020-05-22 08:47:05', '2020-05-22 08:47:05', 22, 11, 0, 1, 0, 0, 0, 2, 0, 0),
('2020-05-22 08:47:05', '2020-05-22 08:47:05', 22, 13, 0, 3, 0, 0, 2, 0, 0, 3),
('2020-05-22 08:47:05', '2020-05-22 08:47:05', 23, 1, 0, 0, 0, 0, 0, 2, 0, 0),
('2020-05-22 08:47:05', '2020-05-22 08:47:05', 23, 5, 0, 0, 0, 0, 0, 8, 0, 0),
('2020-05-22 08:47:05', '2020-05-22 08:47:05', 23, 6, 0, 0, 0, 0, 0, 2, 0, 0),
('2020-05-22 08:47:05', '2020-05-22 08:47:05', 23, 7, 0, 0, 0, 0, 0, 0, 1, 0),
('2020-05-22 08:47:05', '2020-05-22 08:47:05', 23, 9, 0, 0, 0, 0, 1, 0, 0, 0),
('2020-05-22 08:47:05', '2020-05-22 08:47:05', 23, 11, 0, 0, 0, 0, 0, 1, 1, 0),
('2020-05-22 08:47:05', '2020-05-22 08:47:05', 23, 12, 0, 0, 0, 0, 3, 0, 0, 0),
('2020-05-22 08:47:05', '2020-05-22 08:47:05', 23, 13, 0, 0, 0, 1, 1, 0, 0, 0),
('2020-05-22 08:47:05', '2020-05-22 08:47:05', 24, 1, 0, 0, 0, 0, 1, 2, 0, 0),
('2020-05-22 08:47:05', '2020-05-22 08:47:05', 24, 3, 0, 0, 0, 0, 1, 3, 0, 0),
('2020-05-22 08:47:05', '2020-05-22 08:47:05', 24, 4, 0, 0, 0, 0, 0, 4, 0, 0),
('2020-05-22 08:47:05', '2020-05-22 08:47:05', 24, 6, 0, 0, 0, 0, 0, 1, 0, 0),
('2020-05-22 08:47:05', '2020-05-22 08:47:05', 24, 8, 0, 0, 0, 0, 1, 2, 1, 0),
('2020-05-22 08:47:05', '2020-05-22 08:47:05', 24, 9, 0, 0, 0, 0, 0, 5, 0, 0),
('2020-05-22 08:47:05', '2020-05-22 08:47:05', 24, 10, 0, 0, 0, 0, 2, 0, 1, 0),
('2020-05-22 08:47:05', '2020-05-22 08:47:05', 24, 11, 0, 0, 0, 0, 1, 1, 0, 0),
('2020-05-22 08:47:05', '2020-05-22 08:47:05', 25, 1, 0, 0, 0, 0, 0, 2, 1, 0),
('2020-05-22 08:47:05', '2020-05-22 08:47:05', 25, 6, 0, 0, 0, 0, 1, 2, 0, 0),
('2020-05-22 08:47:05', '2020-05-22 08:47:05', 25, 7, 0, 1, 0, 0, 0, 0, 2, 0),
('2020-05-22 08:47:05', '2020-05-22 08:47:05', 25, 8, 0, 0, 0, 0, 1, 3, 0, 0),
('2020-05-22 08:47:05', '2020-05-22 08:47:05', 25, 9, 1, 0, 0, 0, 0, 0, 0, 1),
('2020-05-22 08:47:05', '2020-05-22 08:47:05', 25, 10, 1, 0, 0, 0, 3, 1, 0, 1),
('2020-05-22 08:47:05', '2020-05-22 08:47:05', 25, 11, 0, 1, 0, 0, 2, 2, 0, 1),
('2020-05-22 08:47:05', '2020-05-22 08:47:05', 25, 13, 1, 0, 0, 0, 7, 51, 0, 1),
('2020-05-22 08:47:05', '2020-05-22 08:47:05', 26, 1, 0, 0, 0, 0, 1, 1, 0, 0),
('2020-05-22 08:47:05', '2020-05-22 08:47:05', 26, 2, 0, 0, 0, 0, 0, 1, 0, 0),
('2020-05-22 08:47:05', '2020-05-22 08:47:05', 26, 7, 0, 0, 0, 0, 0, 0, 0, 1),
('2020-05-22 08:47:05', '2020-05-22 08:47:05', 26, 8, 0, 0, 0, 0, 1, 3, 0, 0),
('2020-05-22 08:47:05', '2020-05-22 08:47:05', 26, 10, 0, 1, 0, 0, 0, 0, 1, 1),
('2020-05-22 08:47:05', '2020-05-22 08:47:05', 26, 13, 0, 0, 0, 0, 1, 2, 4, 0),
('2020-05-22 08:47:05', '2020-05-22 08:47:05', 27, 1, 0, 0, 0, 0, 4, 3, 3, 0),
('2020-05-22 08:47:05', '2020-05-22 08:47:05', 27, 2, 0, 0, 0, 0, 0, 1, 0, 0),
('2020-05-22 08:47:05', '2020-05-22 08:47:05', 27, 3, 0, 0, 0, 0, 0, 3, 0, 0),
('2020-05-22 08:47:05', '2020-05-22 08:47:05', 27, 4, 0, 0, 0, 0, 37, 0, 0, 0),
('2020-05-22 08:47:05', '2020-05-22 08:47:05', 27, 6, 0, 0, 0, 0, 13, 0, 0, 0),
('2020-05-22 08:47:05', '2020-05-22 08:47:05', 27, 8, 0, 0, 0, 0, 3, 0, 0, 0),
('2020-05-22 08:47:05', '2020-05-22 08:47:05', 27, 11, 0, 0, 0, 0, 0, 1, 0, 0),
('2020-05-22 08:47:05', '2020-05-22 08:47:05', 27, 13, 0, 0, 0, 0, 1, 1, 1, 0),
('2020-05-22 08:47:05', '2020-05-22 08:47:05', 28, 1, 0, 0, 0, 0, 0, 4, 3, 0),
('2020-05-22 08:47:05', '2020-05-22 08:47:05', 28, 2, 0, 0, 0, 0, 0, 1, 0, 0),
('2020-05-22 08:47:05', '2020-05-22 08:47:05', 28, 3, 0, 0, 0, 0, 5, 0, 0, 0),
('2020-05-22 08:47:05', '2020-05-22 08:47:05', 28, 4, 1, 0, 0, 0, 0, 0, 0, 1),
('2020-05-22 08:47:05', '2020-05-22 08:47:05', 28, 6, 0, 0, 0, 0, 0, 3, 0, 0),
('2020-05-22 08:47:05', '2020-05-22 08:47:05', 28, 8, 0, 0, 0, 0, 0, 2, 0, 0),
('2020-05-22 08:47:05', '2020-05-22 08:47:05', 28, 11, 0, 0, 0, 0, 2, 0, 0, 0),
('2020-05-22 08:47:05', '2020-05-22 08:47:05', 28, 13, 1, 0, 0, 0, 3, 109, 0, 1),
('2020-05-22 08:47:05', '2020-05-22 08:47:05', 29, 3, 0, 0, 0, 0, 0, 1, 0, 0),
('2020-05-22 08:47:05', '2020-05-28 18:32:58', 29, 4, 1, 1, 0, 0, 14, 2, 2, 1),
('2020-05-22 08:47:05', '2020-05-22 08:47:05', 29, 6, 0, 0, 0, 0, 1, 0, 0, 0),
('2020-05-22 08:47:05', '2020-05-22 08:47:05', 29, 7, 1, 0, 0, 0, 0, 0, 0, 1),
('2020-05-22 08:47:05', '2020-05-22 08:47:05', 29, 8, 0, 0, 0, 0, 2, 0, 1, 0),
('2020-05-22 08:47:05', '2020-05-22 08:47:05', 29, 13, 1, 0, 0, 0, 7, 4, 0, 0),
('2020-05-22 08:47:05', '2020-05-22 08:47:05', 30, 6, 0, 0, 0, 0, 0, 0, 1, 0),
('2020-05-22 08:47:05', '2020-05-22 08:47:05', 30, 7, 0, 1, 0, 0, 0, 0, 0, 0),
('2020-05-22 08:47:05', '2020-05-22 08:47:05', 30, 8, 0, 0, 0, 0, 1, 4, 0, 0),
('2020-05-22 08:47:05', '2020-05-22 08:47:05', 30, 9, 0, 0, 0, 0, 1, 3, 0, 0),
('2020-05-22 08:47:05', '2020-05-22 08:47:05', 30, 10, 0, 0, 0, 0, 0, 0, 2, 2),
('2020-05-22 08:47:05', '2020-05-22 08:47:05', 30, 12, 0, 0, 0, 0, 6, 0, 0, 0),
('2020-05-22 08:47:05', '2020-05-22 08:47:05', 30, 13, 0, 0, 0, 0, 3, 10, 1, 0),
('2020-05-22 08:47:05', '2020-05-22 08:47:05', 31, 1, 0, 0, 0, 0, 0, 2, 0, 0),
('2020-05-22 08:47:05', '2020-05-22 08:47:05', 31, 4, 0, 0, 0, 0, 5, 0, 0, 0),
('2020-05-22 08:47:05', '2020-05-22 08:47:05', 31, 7, 0, 0, 1, 0, 0, 0, 0, 0),
('2020-05-22 08:47:05', '2020-05-22 08:47:05', 31, 8, 0, 1, 0, 0, 1, 1, 0, 1),
('2020-05-22 08:47:05', '2020-05-22 08:47:05', 31, 10, 0, 1, 0, 0, 0, 0, 0, 2),
('2020-05-22 08:47:05', '2020-05-22 08:47:05', 31, 11, 0, 0, 0, 0, 0, 1, 0, 0),
('2020-05-22 08:47:05', '2020-05-22 08:47:05', 31, 12, 0, 0, 0, 0, 0, 3, 0, 0),
('2020-05-22 08:47:05', '2020-05-22 08:47:05', 31, 13, 0, 0, 0, 0, 5, 0, 5, 0),
('2020-05-22 08:47:05', '2020-05-22 08:47:05', 32, 1, 0, 0, 0, 0, 0, 2, 0, 0),
('2020-05-22 08:47:05', '2020-05-22 08:47:05', 32, 6, 0, 0, 0, 0, 1, 0, 0, 0),
('2020-05-22 08:47:05', '2020-05-22 08:47:05', 32, 7, 0, 0, 0, 0, 1, 0, 0, 0),
('2020-05-22 08:47:05', '2020-05-22 08:47:05', 32, 8, 0, 0, 0, 0, 3, 4, 0, 0),
('2020-05-22 08:47:05', '2020-05-22 08:47:05', 32, 10, 0, 0, 0, 0, 2, 0, 0, 0),
('2020-05-22 08:47:05', '2020-05-22 08:47:05', 32, 13, 2, 0, 0, 0, 1, 0, 0, 2),
('2020-05-22 08:47:05', '2020-05-22 08:47:05', 33, 1, 0, 0, 0, 0, 0, 1, 0, 0),
('2020-05-22 08:47:05', '2020-05-22 08:47:05', 33, 2, 0, 0, 0, 0, 0, 3, 0, 0),
('2020-05-22 08:47:05', '2020-05-22 08:47:05', 33, 3, 0, 0, 0, 0, 0, 1, 0, 0),
('2020-05-22 08:47:05', '2020-05-22 08:47:05', 33, 5, 0, 0, 0, 0, 0, 2, 2, 0),
('2020-05-22 08:47:05', '2020-05-22 08:47:05', 33, 6, 0, 0, 0, 0, 0, 0, 1, 0),
('2020-05-22 08:47:05', '2020-05-22 08:47:05', 33, 7, 0, 0, 0, 0, 2, 3, 0, 0),
('2020-05-22 08:47:05', '2020-05-28 18:44:27', 33, 9, 0, 0, 0, 0, 0, 0, 0, 1),
('2020-05-22 08:47:05', '2020-05-22 08:47:05', 33, 10, 0, 0, 0, 0, 5, 0, 0, 0),
('2020-05-22 08:47:05', '2020-05-22 08:47:05', 33, 11, 0, 1, 0, 0, 0, 1, 0, 1),
('2020-05-22 08:47:05', '2020-05-22 08:47:05', 33, 13, 0, 0, 0, 0, 2, 0, 1, 0),
('2020-05-22 08:47:05', '2020-05-22 08:47:05', 34, 3, 0, 0, 0, 0, 0, 1, 0, 0),
('2020-05-22 08:47:05', '2020-05-22 08:47:05', 34, 4, 0, 0, 0, 0, 2, 0, 0, 0),
('2020-05-22 08:47:05', '2020-05-22 08:47:05', 34, 5, 0, 0, 0, 0, 1, 0, 0, 0),
('2020-05-22 08:47:05', '2020-05-22 08:47:05', 34, 6, 0, 0, 0, 0, 0, 0, 1, 0),
('2020-05-22 08:47:05', '2020-05-22 08:47:05', 34, 8, 0, 0, 0, 0, 5, 0, 0, 0),
('2020-05-22 08:47:05', '2020-05-22 08:47:05', 34, 9, 2, 0, 0, 0, 1, 3, 0, 0),
('2020-05-22 08:47:05', '2020-05-22 08:47:05', 34, 12, 0, 0, 0, 0, 0, 11, 7, 0),
('2020-05-22 08:47:05', '2020-05-22 08:47:05', 34, 13, 1, 0, 0, 0, 0, 1, 0, 3),
('2020-05-22 08:47:05', '2020-05-22 08:47:05', 35, 1, 0, 0, 0, 0, 1, 1, 0, 0),
('2020-05-22 08:47:05', '2020-05-22 08:47:05', 35, 3, 0, 0, 0, 0, 0, 2, 0, 0),
('2020-05-22 08:47:05', '2020-05-22 08:47:05', 35, 5, 0, 0, 0, 0, 2, 0, 0, 0),
('2020-05-22 08:47:05', '2020-05-22 08:47:05', 35, 6, 1, 0, 0, 0, 1, 0, 2, 0),
('2020-05-22 08:47:05', '2020-05-22 08:47:05', 35, 7, 2, 0, 0, 0, 0, 0, 0, 2),
('2020-05-22 08:47:05', '2020-05-22 08:47:05', 35, 8, 0, 0, 0, 0, 4, 2, 0, 0),
('2020-05-22 08:47:05', '2020-05-22 08:47:05', 35, 9, 0, 1, 0, 0, 0, 0, 0, 0),
('2020-05-22 08:47:05', '2020-05-22 08:47:05', 35, 10, 0, 0, 0, 0, 1, 0, 1, 0),
('2020-05-22 08:47:05', '2020-05-22 08:47:05', 35, 11, 0, 0, 0, 0, 2, 0, 0, 0),
('2020-05-22 08:47:05', '2020-05-22 08:47:05', 35, 13, 1, 1, 0, 0, 1, 1, 1, 2),
('2020-05-22 08:47:05', '2020-05-22 08:47:05', 36, 1, 0, 0, 0, 0, 1, 0, 0, 0),
('2020-05-22 08:47:05', '2020-05-22 08:47:05', 36, 4, 0, 0, 0, 0, 8, 0, 0, 0),
('2020-05-22 08:47:05', '2020-05-22 08:47:05', 36, 5, 0, 0, 0, 0, 3, 0, 0, 0),
('2020-05-22 08:47:05', '2020-05-22 08:47:05', 36, 6, 0, 1, 0, 0, 0, 0, 0, 1),
('2020-05-22 08:47:05', '2020-05-22 08:47:05', 36, 8, 0, 0, 0, 0, 1, 2, 1, 0),
('2020-05-22 08:47:05', '2020-05-22 08:47:05', 36, 10, 0, 0, 0, 0, 2, 0, 0, 0),
('2020-05-22 08:47:05', '2020-05-22 08:47:05', 36, 11, 0, 0, 0, 0, 0, 0, 1, 0),
('2020-05-22 08:47:05', '2020-05-22 08:47:05', 36, 13, 0, 0, 0, 0, 2, 2, 1, 0),
('2020-05-22 08:47:05', '2020-05-22 08:47:05', 37, 1, 0, 0, 0, 0, 0, 1, 0, 0),
('2020-05-22 08:47:05', '2020-05-22 08:47:05', 37, 5, 0, 0, 0, 0, 1, 0, 0, 0),
('2020-05-22 08:47:05', '2020-05-22 08:47:05', 37, 6, 0, 0, 0, 0, 1, 1, 0, 0),
('2020-05-22 08:47:05', '2020-05-22 08:47:05', 37, 7, 0, 0, 0, 0, 1, 0, 0, 0),
('2020-05-22 08:47:05', '2020-05-22 08:47:05', 37, 8, 0, 0, 0, 0, 1, 1, 0, 0),
('2020-05-22 08:47:05', '2020-05-22 08:47:05', 37, 10, 0, 0, 0, 0, 0, 2, 0, 0),
('2020-05-22 08:47:05', '2020-05-22 08:47:05', 37, 11, 0, 0, 0, 0, 0, 1, 0, 0),
('2020-05-22 08:47:05', '2020-05-22 08:47:05', 37, 13, 0, 0, 0, 0, 1, 4, 2, 0),
('2020-05-22 08:47:05', '2020-05-22 08:47:05', 38, 1, 0, 0, 0, 0, 1, 1, 0, 0),
('2020-05-22 08:47:05', '2020-05-22 08:47:05', 38, 4, 1, 0, 0, 0, 0, 0, 0, 0),
('2020-05-22 08:47:05', '2020-05-22 08:47:05', 38, 6, 0, 1, 1, 0, 0, 0, 0, 1),
('2020-05-22 08:47:05', '2020-05-22 08:47:05', 38, 7, 0, 1, 4, 0, 0, 0, 0, 1),
('2020-05-22 08:47:05', '2020-05-22 08:47:05', 38, 8, 0, 1, 0, 0, 1, 3, 0, 1),
('2020-05-22 08:47:05', '2020-05-22 08:47:05', 38, 9, 3, 0, 0, 0, 0, 0, 0, 0),
('2020-05-22 08:47:05', '2020-05-22 08:47:05', 38, 10, 1, 0, 0, 0, 0, 0, 1, 0),
('2020-05-22 08:47:05', '2020-05-22 08:47:05', 38, 11, 0, 0, 0, 0, 1, 0, 0, 0),
('2020-05-22 08:47:05', '2020-05-22 08:47:05', 38, 13, 1, 1, 0, 0, 10, 0, 0, 2),
('2020-05-22 08:47:05', '2020-05-22 08:47:05', 39, 2, 0, 0, 0, 0, 1, 0, 0, 0),
('2020-05-22 08:47:05', '2020-05-22 08:47:05', 39, 3, 0, 0, 0, 0, 0, 1, 0, 0),
('2020-05-22 08:47:05', '2020-05-22 08:47:05', 39, 4, 5, 0, 0, 0, 6, 0, 1, 0),
('2020-05-22 08:47:05', '2020-05-22 08:47:05', 39, 6, 0, 0, 0, 0, 1, 0, 0, 0),
('2020-05-22 08:47:05', '2020-05-22 08:47:05', 39, 9, 0, 0, 0, 0, 0, 0, 1, 0),
('2020-05-22 08:47:05', '2020-05-22 08:47:05', 39, 11, 0, 0, 0, 0, 0, 2, 0, 0),
('2020-05-22 08:47:05', '2020-05-22 08:47:05', 39, 12, 0, 0, 0, 0, 1, 0, 1, 0),
('2020-05-22 08:47:05', '2020-05-22 08:47:05', 39, 13, 0, 0, 0, 0, 1, 3, 0, 0),
('2020-05-22 08:47:05', '2020-05-22 08:47:05', 40, 1, 0, 0, 0, 0, 0, 1, 0, 0),
('2020-05-22 08:47:05', '2020-05-22 08:47:05', 40, 6, 0, 0, 0, 0, 0, 1, 0, 4),
('2020-05-22 08:47:05', '2020-05-22 08:47:05', 40, 8, 0, 1, 0, 0, 0, 4, 0, 1),
('2020-05-22 08:47:05', '2020-05-22 08:47:05', 40, 9, 0, 0, 0, 0, 0, 0, 1, 0),
('2020-05-22 08:47:05', '2020-05-22 08:47:05', 40, 10, 0, 0, 0, 0, 0, 5, 0, 0),
('2020-05-22 08:47:05', '2020-05-22 08:47:05', 40, 13, 0, 0, 0, 0, 1, 0, 0, 0),
('2020-05-22 08:49:38', '2020-05-22 08:49:38', 41, 1, 0, 0, 0, 0, 1, 0, 0, 0),
('2020-05-22 08:49:38', '2020-05-22 08:49:38', 41, 2, 0, 0, 0, 0, 0, 1, 0, 0),
('2020-05-22 08:49:38', '2020-05-22 08:49:38', 41, 6, 0, 5, 0, 0, 0, 0, 0, 0),
('2020-05-22 08:49:38', '2020-05-22 08:49:38', 41, 7, 0, 0, 3, 0, 0, 0, 0, 0),
('2020-05-22 08:49:38', '2020-05-22 08:49:38', 41, 8, 0, 0, 0, 0, 0, 1, 0, 0),
('2020-05-22 08:49:38', '2020-05-22 08:49:38', 41, 9, 0, 1, 0, 0, 2, 0, 0, 1),
('2020-05-22 08:49:38', '2020-05-22 08:49:38', 41, 13, 0, 0, 0, 0, 0, 5, 0, 0),
('2020-05-22 08:49:38', '2020-05-22 08:49:38', 42, 4, 10, 0, 0, 0, 13, 15, 0, 0),
('2020-05-22 08:49:38', '2020-05-22 08:49:38', 42, 5, 0, 0, 0, 0, 1, 0, 1, 0),
('2020-05-22 08:49:38', '2020-05-22 08:49:38', 42, 6, 0, 0, 0, 0, 0, 14, 0, 0),
('2020-05-22 08:49:38', '2020-05-22 08:49:38', 42, 8, 0, 0, 0, 0, 1, 2, 0, 0),
('2020-05-22 08:49:38', '2020-05-22 08:49:38', 42, 9, 0, 0, 0, 0, 0, 1, 0, 1),
('2020-05-22 08:49:38', '2020-05-22 08:49:38', 42, 10, 1, 0, 0, 0, 1, 0, 0, 1),
('2020-05-22 08:49:38', '2020-05-22 08:49:38', 42, 13, 1, 0, 0, 0, 0, 7, 0, 1),
('2020-05-22 08:49:38', '2020-05-22 08:49:38', 43, 1, 0, 0, 0, 0, 1, 0, 0, 0),
('2020-05-22 08:49:38', '2020-05-22 08:49:38', 43, 6, 0, 1, 0, 0, 0, 0, 1, 0),
('2020-05-22 08:49:38', '2020-05-22 08:49:38', 43, 8, 0, 1, 0, 0, 2, 0, 0, 1),
('2020-05-22 08:49:38', '2020-05-22 08:49:38', 43, 9, 0, 0, 0, 0, 0, 1, 4, 0),
('2020-05-22 08:49:38', '2020-05-22 08:49:38', 43, 11, 0, 0, 0, 0, 0, 0, 0, 0),
('2020-05-22 08:49:38', '2020-05-22 08:49:38', 43, 13, 0, 0, 0, 0, 0, 3, 1, 0),
('2020-05-22 08:49:38', '2020-05-22 08:49:38', 44, 4, 0, 0, 0, 0, 11, 0, 0, 0),
('2020-05-22 08:49:38', '2020-05-22 08:49:38', 44, 7, 0, 0, 0, 0, 0, 0, 2, 0),
('2020-05-22 08:49:38', '2020-05-22 08:49:38', 44, 10, 0, 0, 0, 0, 0, 1, 0, 0),
('2020-05-22 08:49:38', '2020-05-22 08:49:38', 44, 12, 0, 0, 0, 0, 0, 1, 4, 0),
('2020-05-22 08:49:38', '2020-05-22 08:49:38', 44, 13, 0, 1, 0, 0, 1, 2, 1, 1),
('2020-05-22 08:49:38', '2020-05-22 08:49:38', 45, 4, 10, 0, 0, 0, 0, 10, 0, 0),
('2020-05-22 08:49:38', '2020-05-22 08:49:38', 45, 6, 0, 0, 0, 0, 0, 0, 1, 0),
('2020-05-22 08:49:38', '2020-05-22 08:49:38', 45, 7, 0, 0, 0, 0, 0, 1, 1, 0),
('2020-05-22 08:49:38', '2020-05-22 08:49:38', 45, 8, 0, 0, 0, 0, 1, 2, 1, 0),
('2020-05-22 08:49:38', '2020-05-22 08:49:38', 45, 9, 0, 0, 0, 0, 1, 0, 0, 0),
('2020-05-22 08:49:38', '2020-05-22 08:49:38', 45, 10, 0, 0, 0, 0, 0, 2, 0, 0),
('2020-05-22 08:49:38', '2020-05-22 08:49:38', 45, 11, 0, 1, 0, 0, 0, 0, 0, 1),
('2020-05-22 08:49:38', '2020-05-22 08:49:38', 45, 12, 1, 7, 0, 0, 0, 0, 0, 8),
('2020-05-22 08:49:38', '2020-05-22 08:49:38', 45, 13, 0, 0, 0, 0, 2, 3, 0, 0),
('2020-05-22 08:49:38', '2020-05-22 08:49:38', 46, 3, 0, 0, 0, 0, 0, 0, 0, 0),
('2020-05-22 08:49:38', '2020-05-22 08:49:38', 46, 4, 0, 0, 1, 0, 3, 17, 0, 0),
('2020-05-22 08:49:38', '2020-05-22 08:49:38', 46, 8, 0, 0, 0, 0, 0, 1, 0, 0),
('2020-05-22 08:49:38', '2020-05-22 08:49:38', 46, 10, 0, 0, 0, 0, 0, 2, 0, 0),
('2020-05-22 08:49:38', '2020-05-22 08:49:38', 46, 11, 0, 0, 0, 0, 2, 2, 0, 0),
('2020-05-22 08:49:38', '2020-05-22 08:49:38', 46, 12, 0, 0, 0, 0, 4, 0, 0, 0),
('2020-05-22 08:49:38', '2020-05-22 08:49:38', 47, 2, 1, 0, 0, 0, 0, 0, 0, 0),
('2020-05-22 08:49:38', '2020-05-22 08:49:38', 47, 4, 0, 0, 0, 0, 1, 0, 0, 0),
('2020-05-22 08:49:38', '2020-05-22 08:49:38', 47, 10, 0, 0, 0, 0, 0, 1, 0, 0),
('2020-05-22 08:49:38', '2020-05-22 08:49:38', 47, 11, 0, 0, 0, 0, 0, 1, 0, 0),
('2020-05-22 08:49:38', '2020-05-22 08:49:38', 47, 12, 4, 0, 0, 0, 0, 0, 0, 4),
('2020-05-22 08:49:38', '2020-05-22 08:49:38', 47, 13, 0, 0, 0, 0, 0, 11, 0, 0),
('2020-05-22 08:49:38', '2020-05-22 08:49:38', 48, 1, 0, 7, 0, 0, 4, 0, 0, 7),
('2020-05-22 08:49:38', '2020-05-22 08:49:38', 48, 4, 0, 0, 0, 0, 1, 0, 0, 0),
('2020-05-22 08:49:38', '2020-05-22 08:49:38', 48, 6, 0, 0, 0, 0, 0, 0, 1, 0),
('2020-05-22 08:49:38', '2020-05-22 08:49:38', 48, 8, 0, 0, 0, 0, 0, 4, 0, 0),
('2020-05-22 08:49:38', '2020-05-22 08:49:38', 48, 10, 0, 3, 0, 0, 1, 4, 2, 2),
('2020-05-22 08:49:38', '2020-05-22 08:49:38', 48, 13, 0, 3, 0, 0, 0, 1, 0, 3),
('2020-05-22 08:49:38', '2020-05-22 08:49:38', 49, 6, 0, 1, 0, 0, 0, 0, 1, 0),
('2020-05-22 08:49:38', '2020-05-22 08:49:38', 49, 7, 0, 0, 0, 0, 1, 2, 0, 0),
('2020-05-22 08:49:38', '2020-05-22 08:49:38', 49, 8, 0, 0, 0, 0, 0, 3, 0, 0),
('2020-05-22 08:49:38', '2020-05-22 08:49:38', 49, 9, 0, 0, 0, 0, 0, 1, 5, 0),
('2020-05-22 08:49:38', '2020-05-22 08:49:38', 49, 10, 0, 1, 0, 0, 0, 5, 0, 1),
('2020-05-22 08:49:38', '2020-05-22 08:49:38', 49, 12, 0, 0, 0, 0, 31, 0, 2, 0),
('2020-05-22 08:49:38', '2020-05-22 08:49:38', 49, 13, 0, 0, 0, 0, 0, 0, 1, 0),
('2020-05-22 08:49:38', '2020-05-22 08:49:38', 50, 1, 0, 0, 0, 0, 7, 0, 0, 0),
('2020-05-22 08:49:38', '2020-05-22 08:49:38', 50, 4, 8, 0, 0, 0, 0, 0, 0, 0),
('2020-05-22 08:49:38', '2020-05-22 08:49:38', 50, 6, 0, 0, 0, 0, 0, 0, 1, 0),
('2020-05-22 08:49:38', '2020-05-22 08:49:38', 50, 8, 0, 0, 0, 0, 0, 1, 0, 0),
('2020-05-22 08:49:38', '2020-05-22 08:49:38', 50, 10, 0, 0, 0, 0, 0, 0, 0, 1),
('2020-05-22 08:49:38', '2020-05-22 08:49:38', 50, 11, 0, 0, 0, 0, 1, 0, 1, 0),
('2020-05-22 08:49:38', '2020-05-22 08:49:38', 50, 13, 0, 0, 0, 0, 0, 2, 0, 0),
('2020-05-22 08:51:47', '2020-05-22 08:51:47', 51, 1, 0, 0, 0, 0, 1, 2, 0, 0),
('2020-05-22 08:51:47', '2020-05-22 08:51:47', 51, 4, 0, 0, 0, 0, 0, 11, 0, 2),
('2020-05-22 08:51:47', '2020-05-22 08:51:47', 51, 5, 0, 0, 0, 0, 1, 0, 0, 0),
('2020-05-22 08:51:47', '2020-05-22 08:51:47', 51, 6, 0, 0, 0, 0, 0, 1, 0, 0),
('2020-05-22 08:51:47', '2020-05-22 08:51:47', 51, 7, 0, 1, 0, 0, 0, 1, 2, 0),
('2020-05-22 08:51:47', '2020-05-22 08:51:47', 51, 8, 0, 0, 0, 0, 1, 3, 0, 0),
('2020-05-22 08:51:47', '2020-05-22 08:51:47', 51, 9, 0, 0, 1, 0, 0, 0, 0, 0),
('2020-05-22 08:51:47', '2020-05-22 08:51:47', 51, 12, 0, 0, 0, 0, 8, 0, 0, 0),
('2020-05-22 08:51:47', '2020-05-22 08:51:47', 51, 13, 0, 5, 0, 0, 0, 3, 0, 5),
('2020-05-22 08:51:47', '2020-05-22 08:51:47', 52, 1, 0, 0, 0, 0, 1, 0, 0, 0),
('2020-05-22 08:51:47', '2020-05-22 08:51:47', 52, 4, 7, 0, 0, 0, 0, 7, 0, 0),
('2020-05-22 08:51:47', '2020-05-22 08:51:47', 52, 6, 0, 0, 0, 0, 0, 1, 0, 0),
('2020-05-22 08:51:47', '2020-05-22 08:51:47', 52, 10, 0, 0, 0, 0, 0, 1, 0, 0),
('2020-05-22 08:51:47', '2020-05-22 08:51:47', 52, 11, 0, 0, 0, 0, 1, 0, 0, 0),
('2020-05-22 08:51:47', '2020-05-22 08:51:47', 52, 12, 4, 0, 0, 0, 14, 4, 0, 0),
('2020-05-22 08:51:47', '2020-05-22 08:51:47', 52, 13, 1, 0, 0, 0, 1, 0, 0, 1),
('2020-05-22 08:51:47', '2020-05-22 08:51:47', 53, 1, 0, 0, 0, 0, 0, 1, 0, 0),
('2020-05-22 08:51:47', '2020-05-22 08:51:47', 53, 4, 5, 0, 0, 0, 0, 5, 0, 0),
('2020-05-22 08:51:47', '2020-05-22 08:51:47', 53, 5, 0, 0, 0, 0, 1, 0, 0, 0),
('2020-05-22 08:51:47', '2020-05-22 08:51:47', 53, 6, 0, 1, 1, 0, 0, 1, 1, 2),
('2020-05-22 08:51:47', '2020-05-22 08:51:47', 53, 8, 0, 1, 0, 0, 1, 0, 0, 1),
('2020-05-22 08:51:47', '2020-05-22 08:51:47', 53, 9, 1, 0, 0, 0, 0, 0, 0, 1),
('2020-05-22 08:51:47', '2020-05-22 08:51:47', 53, 10, 0, 0, 1, 0, 1, 0, 0, 0),
('2020-05-22 08:51:47', '2020-05-22 08:51:47', 53, 12, 0, 0, 0, 0, 6, 0, 0, 0),
('2020-05-22 08:51:47', '2020-05-22 08:51:47', 53, 13, 0, 0, 5, 0, 0, 1, 0, 0),
('2020-05-22 08:51:47', '2020-05-22 08:51:47', 54, 1, 3, 0, 0, 0, 2, 3, 1, 0),
('2020-05-22 08:51:47', '2020-05-22 08:51:47', 54, 6, 3, 1, 1, 0, 0, 1, 0, 3),
('2020-05-22 08:51:47', '2020-05-22 08:51:47', 54, 7, 1, 2, 0, 0, 0, 0, 0, 3),
('2020-05-22 08:51:47', '2020-05-22 08:51:47', 54, 8, 0, 0, 0, 0, 1, 0, 0, 0),
('2020-05-22 08:51:47', '2020-05-22 08:51:47', 54, 10, 0, 0, 0, 0, 2, 0, 0, 0),
('2020-05-22 08:51:47', '2020-05-22 08:51:47', 54, 12, 2, 0, 0, 0, 28, 2, 0, 0),
('2020-05-22 08:51:47', '2020-05-22 08:51:47', 54, 13, 1, 0, 0, 1, 3, 0, 3, 1),
('2020-05-22 08:51:47', '2020-05-22 08:51:47', 55, 7, 0, 0, 0, 0, 1, 1, 1, 0),
('2020-05-22 08:51:47', '2020-05-22 08:51:47', 55, 8, 0, 0, 0, 0, 2, 0, 0, 0),
('2020-05-22 08:51:47', '2020-05-22 08:51:47', 55, 9, 1, 0, 0, 0, 0, 0, 0, 1),
('2020-05-22 08:51:47', '2020-05-22 08:51:47', 55, 10, 0, 1, 0, 0, 0, 0, 0, 1),
('2020-05-22 08:51:47', '2020-05-22 08:51:47', 55, 11, 0, 1, 0, 0, 0, 0, 0, 1),
('2020-05-22 08:51:47', '2020-05-22 08:51:47', 55, 12, 0, 0, 0, 0, 23, 0, 1, 0),
('2020-05-22 08:51:47', '2020-05-22 08:51:47', 55, 13, 0, 0, 0, 0, 0, 2, 2, 0),
('2020-05-22 08:51:47', '2020-05-22 08:51:47', 56, 1, 0, 0, 0, 0, 3, 1, 0, 0),
('2020-05-22 08:51:47', '2020-05-22 08:51:47', 56, 4, 1, 0, 0, 0, 4, 1, 0, 0),
('2020-05-22 08:51:47', '2020-05-22 08:51:47', 56, 7, 0, 0, 0, 0, 0, 0, 1, 0),
('2020-05-22 08:51:47', '2020-05-22 08:51:47', 56, 9, 0, 5, 0, 0, 0, 0, 0, 3),
('2020-05-22 08:51:47', '2020-05-22 08:51:47', 56, 10, 0, 0, 0, 0, 1, 0, 1, 0),
('2020-05-22 08:51:47', '2020-05-22 08:51:47', 56, 11, 0, 0, 0, 0, 0, 0, 1, 0),
('2020-05-22 08:51:47', '2020-05-22 08:51:47', 56, 12, 0, 0, 0, 0, 2, 0, 0, 0),
('2020-05-22 08:51:47', '2020-05-22 08:51:47', 56, 13, 0, 2, 1, 0, 0, 1, 3, 2),
('2020-05-22 08:51:47', '2020-05-22 08:51:47', 57, 3, 0, 0, 0, 0, 0, 1, 0, 0),
('2020-05-22 08:51:47', '2020-05-22 08:51:47', 57, 4, 2, 0, 0, 0, 6, 2, 0, 0),
('2020-05-22 08:51:47', '2020-05-22 08:51:47', 57, 7, 0, 0, 0, 0, 0, 0, 0, 2),
('2020-05-22 08:51:47', '2020-05-22 08:51:47', 57, 8, 0, 0, 0, 0, 0, 1, 0, 0),
('2020-05-22 08:51:47', '2020-05-22 08:51:47', 57, 9, 0, 0, 0, 0, 3, 0, 0, 1),
('2020-05-22 08:51:47', '2020-05-22 08:51:47', 57, 10, 0, 0, 1, 0, 0, 0, 0, 0),
('2020-05-22 08:51:47', '2020-05-22 08:51:47', 57, 12, 0, 0, 0, 0, 30, 0, 1, 0),
('2020-05-22 08:51:47', '2020-05-22 08:51:47', 57, 13, 0, 0, 1, 0, 0, 0, 0, 0),
('2020-05-22 08:51:47', '2020-05-22 08:51:47', 58, 1, 0, 0, 0, 0, 0, 1, 0, 0),
('2020-05-22 08:51:47', '2020-05-22 08:51:47', 58, 4, 0, 0, 0, 0, 3, 0, 0, 0),
('2020-05-22 08:51:47', '2020-05-22 08:51:47', 58, 5, 0, 3, 0, 0, 2, 0, 0, 3),
('2020-05-22 08:51:47', '2020-05-22 08:51:47', 58, 9, 0, 0, 2, 0, 0, 2, 0, 0),
('2020-05-22 08:51:47', '2020-05-22 08:51:47', 58, 10, 0, 0, 0, 0, 1, 0, 0, 0),
('2020-05-22 08:51:47', '2020-05-22 08:51:47', 58, 11, 0, 0, 0, 0, 1, 2, 0, 1),
('2020-05-22 08:51:47', '2020-05-22 08:51:47', 58, 12, 0, 0, 0, 0, 9, 0, 0, 0),
('2020-05-22 08:51:47', '2020-05-22 08:51:47', 59, 6, 0, 2, 0, 0, 0, 0, 0, 0),
('2020-05-22 08:51:47', '2020-05-22 08:51:47', 59, 11, 0, 0, 0, 0, 1, 0, 0, 0),
('2020-05-22 08:51:47', '2020-05-22 08:51:47', 59, 13, 0, 0, 0, 0, 1, 0, 1, 0),
('2020-05-22 13:26:45', '2020-05-22 13:26:45', 60, 9, 0, 0, 0, 0, 0, 0, 1, 0),
('2020-05-22 08:51:47', '2020-05-22 08:51:47', 60, 11, 0, 0, 0, 0, 1, 0, 0, 0),
('2020-05-22 08:51:47', '2020-05-22 08:51:47', 60, 12, 0, 0, 0, 0, 20, 0, 1, 0),
('2020-05-22 08:51:47', '2020-05-22 08:51:47', 60, 13, 0, 3, 0, 0, 1, 0, 1, 3),
('2020-05-22 08:51:47', '2020-05-22 08:51:47', 61, 1, 1, 1, 0, 0, 0, 1, 0, 1),
('2020-05-22 08:51:47', '2020-05-22 08:51:47', 61, 4, 0, 0, 8, 0, 0, 0, 0, 0),
('2020-05-22 08:51:47', '2020-05-22 08:51:47', 61, 9, 1, 0, 0, 0, 0, 0, 1, 0),
('2020-05-22 08:51:47', '2020-05-22 08:51:47', 61, 10, 0, 0, 1, 0, 0, 0, 0, 0),
('2020-05-22 08:51:47', '2020-05-22 08:51:47', 61, 11, 0, 0, 0, 0, 0, 2, 0, 0),
('2020-05-22 08:51:47', '2020-05-22 08:51:47', 61, 13, 0, 5, 2, 0, 0, 0, 1, 6),
('2020-05-22 13:46:42', '2020-05-22 13:46:42', 62, 1, 0, 0, 0, 0, 0, 1, 0, 0),
('2020-05-22 13:46:42', '2020-05-22 13:46:42', 62, 4, 0, 0, 0, 0, 9, 0, 0, 0),
('2020-05-22 13:46:42', '2020-05-22 13:46:42', 62, 7, 0, 0, 0, 0, 0, 0, 1, 0),
('2020-05-22 13:46:42', '2020-05-22 13:46:42', 62, 8, 0, 0, 0, 0, 0, 4, 0, 0),
('2020-05-22 13:46:42', '2020-05-22 13:46:42', 62, 9, 0, 0, 0, 0, 1, 0, 0, 0),
('2020-05-22 13:46:42', '2020-05-22 13:46:42', 62, 11, 0, 0, 0, 0, 1, 0, 0, 0),
('2020-05-22 13:46:42', '2020-05-22 13:46:42', 62, 12, 0, 0, 0, 0, 4, 0, 0, 0),
('2020-05-22 13:46:42', '2020-05-22 13:46:42', 62, 13, 0, 0, 0, 0, 0, 0, 1, 0),
('2020-05-26 13:47:34', '2020-05-26 13:47:34', 63, 5, 0, 0, 0, 0, 0, 0, 0, 1),
('2020-05-23 10:08:34', '2020-05-23 10:08:34', 63, 6, 1, 0, 0, 0, 0, 0, 0, 0),
('2020-05-23 10:08:34', '2020-05-23 10:08:34', 63, 7, 0, 0, 0, 0, 1, 0, 0, 0),
('2020-05-23 10:08:34', '2020-05-23 10:08:34', 63, 9, 1, 0, 0, 0, 0, 0, 0, 0),
('2020-05-23 10:08:34', '2020-05-23 10:08:34', 63, 13, 1, 0, 0, 0, 0, 0, 1, 3),
('2020-05-24 13:27:47', '2020-05-24 13:27:47', 64, 4, 0, 0, 9, 0, 0, 0, 0, 0),
('2020-05-25 10:39:31', '2020-05-25 10:39:31', 65, 2, 0, 0, 0, 0, 0, 1, 0, 0),
('2020-05-25 10:39:31', '2020-05-25 10:39:31', 65, 7, 0, 2, 0, 0, 0, 0, 0, 2),
('2020-05-25 10:39:31', '2020-05-25 10:39:31', 65, 10, 0, 0, 0, 0, 0, 3, 0, 0),
('2020-05-26 08:36:32', '2020-05-26 08:36:32', 66, 1, 0, 0, 0, 0, 3, 7, 0, 0),
('2020-05-26 08:36:32', '2020-05-26 08:36:32', 66, 5, 0, 0, 0, 0, 1, 14, 0, 0),
('2020-05-26 08:36:32', '2020-05-26 08:36:32', 66, 6, 0, 0, 2, 0, 0, 0, 1, 0),
('2020-05-26 14:10:08', '2020-05-26 14:10:08', 66, 9, 0, 0, 0, 0, 0, 1, 0, 0),
('2020-05-26 08:36:32', '2020-05-26 08:36:32', 66, 10, 0, 0, 0, 0, 0, 0, 1, 0),
('2020-05-26 08:36:32', '2020-05-26 08:36:32', 66, 11, 0, 1, 0, 0, 0, 1, 0, 1),
('2020-05-26 08:36:32', '2020-05-26 08:36:32', 66, 12, 0, 0, 0, 0, 3, 0, 0, 0),
('2020-05-27 08:14:23', '2020-05-27 08:14:23', 67, 7, 0, 0, 0, 0, 0, 0, 1, 0),
('2020-05-27 08:14:23', '2020-05-27 08:14:23', 67, 8, 0, 0, 0, 0, 1, 2, 0, 0),
('2020-05-27 08:14:23', '2020-05-27 08:14:23', 67, 9, 0, 1, 2, 0, 1, 0, 0, 0),
('2020-05-27 08:14:23', '2020-05-27 08:14:23', 67, 10, 0, 0, 0, 0, 1, 0, 0, 0),
('2020-05-27 08:14:23', '2020-05-27 08:14:23', 67, 11, 0, 0, 0, 0, 1, 0, 0, 0),
('2020-05-27 08:14:23', '2020-05-27 08:14:23', 67, 13, 0, 0, 0, 0, 0, 2, 4, 0),
('2020-05-28 18:04:49', '2020-05-28 18:04:49', 68, 1, 0, 0, 0, 0, 0, 1, 0, 0),
('2020-05-28 18:05:18', '2020-05-28 18:05:18', 68, 4, 1, 0, 0, 0, 0, 1, 0, 0),
('2020-05-28 18:05:57', '2020-05-28 18:05:57', 68, 5, 0, 1, 0, 0, 15, 0, 0, 0),
('2020-05-28 18:07:15', '2020-05-28 18:12:13', 68, 7, 0, 2, 0, 0, 0, 0, 1, 0),
('2020-05-28 18:08:03', '2020-05-28 18:18:05', 68, 8, 0, 0, 0, 0, 2, 0, 0, 0),
('2020-05-28 18:09:00', '2020-05-28 18:09:00', 68, 9, 2, 3, 0, 0, 0, 1, 0, 5),
('2020-05-28 18:10:04', '2020-05-28 18:10:04', 68, 12, 3, 0, 0, 0, 0, 3, 0, 0),
('2020-05-28 18:10:52', '2020-05-28 18:10:52', 68, 13, 0, 3, 2, 0, 0, 1, 0, 3),
('2020-05-29 16:22:00', '2020-05-29 16:22:00', 69, 6, 0, 0, 0, 0, 2, 0, 0, 0),
('2020-05-29 16:22:38', '2020-05-29 16:22:38', 69, 7, 0, 0, 0, 0, 0, 0, 1, 0),
('2020-05-29 16:23:05', '2020-05-29 16:23:05', 69, 8, 0, 0, 0, 0, 2, 0, 0, 0),
('2020-05-29 16:23:44', '2020-05-29 16:23:44', 69, 9, 0, 2, 0, 0, 1, 0, 0, 0),
('2020-05-29 16:24:20', '2020-05-29 16:24:20', 69, 10, 0, 1, 0, 0, 0, 2, 0, 1),
('2020-05-30 17:32:35', '2020-05-30 17:32:35', 70, 1, 0, 0, 0, 0, 0, 2, 0, 0),
('2020-05-30 17:32:53', '2020-05-30 17:32:53', 70, 5, 0, 0, 0, 0, 0, 0, 1, 0),
('2020-05-30 17:33:25', '2020-05-30 17:33:25', 70, 6, 0, 0, 0, 0, 2, 0, 0, 0),
('2020-05-30 17:33:57', '2020-05-30 17:33:57', 70, 8, 0, 0, 0, 0, 0, 1, 0, 0),
('2020-05-30 17:34:30', '2020-05-30 17:34:30', 70, 10, 0, 0, 0, 0, 0, 0, 1, 0),
('2020-05-30 17:34:46', '2020-05-30 17:34:46', 70, 11, 0, 0, 0, 0, 0, 1, 0, 0),
('2020-05-30 17:35:28', '2020-05-30 17:35:28', 70, 12, 0, 0, 0, 0, 25, 2, 2, 0),
('2020-05-30 17:35:53', '2020-05-30 17:35:53', 70, 13, 0, 2, 0, 0, 0, 1, 0, 2),
('2020-05-31 17:47:35', '2020-05-31 17:47:35', 71, 1, 0, 0, 0, 0, 3, 0, 0, 0),
('2020-05-31 17:48:48', '2020-05-31 17:48:48', 71, 4, 0, 0, 6, 0, 0, 0, 0, 0),
('2020-05-31 17:49:17', '2020-05-31 17:49:17', 71, 6, 2, 2, 2, 0, 0, 0, 0, 2),
('2020-05-31 17:50:18', '2020-05-31 17:50:18', 71, 13, 0, 0, 1, 0, 1, 0, 1, 0),
('2020-06-01 16:59:10', '2020-06-01 16:59:10', 72, 7, 0, 0, 0, 0, 0, 1, 0, 1),
('2020-06-01 16:59:52', '2020-06-01 16:59:52', 72, 8, 0, 0, 0, 0, 1, 1, 0, 0),
('2020-06-01 17:00:15', '2020-06-01 17:00:15', 72, 10, 0, 0, 0, 0, 0, 0, 0, 1),
('2020-06-01 17:00:52', '2020-06-01 17:00:52', 72, 13, 0, 1, 0, 0, 0, 0, 0, 1),
('2020-06-02 16:55:27', '2020-06-02 16:55:27', 73, 1, 0, 0, 0, 0, 0, 3, 0, 0),
('2020-06-02 16:55:47', '2020-06-02 16:55:47', 73, 10, 0, 0, 0, 0, 0, 1, 0, 0),
('2020-06-02 16:56:14', '2020-06-02 16:56:14', 73, 11, 0, 0, 0, 0, 1, 0, 0, 0),
('2020-06-02 16:56:28', '2020-06-02 16:56:28', 73, 13, 0, 0, 0, 0, 0, 0, 1, 0),
('2020-06-03 19:41:24', '2020-06-03 19:41:24', 74, 2, 0, 0, 0, 0, 0, 1, 0, 0),
('2020-06-03 19:42:01', '2020-06-03 19:42:01', 74, 5, 0, 0, 0, 0, 0, 0, 1, 0),
('2020-06-03 19:44:40', '2020-06-03 19:44:40', 74, 7, 1, 1, 0, 0, 0, 0, 2, 1),
('2020-06-03 19:45:08', '2020-06-03 19:45:08', 74, 8, 0, 0, 0, 0, 1, 0, 0, 0),
('2020-06-03 19:47:12', '2020-06-03 19:47:12', 74, 9, 0, 0, 2, 0, 0, 0, 0, 0),
('2020-06-03 19:45:42', '2020-06-03 19:45:42', 74, 11, 0, 0, 0, 0, 1, 1, 0, 0),
('2020-06-03 19:48:01', '2020-06-03 19:48:01', 74, 13, 0, 0, 1, 0, 0, 1, 0, 2),
('2020-06-04 17:19:27', '2020-06-04 17:19:27', 75, 4, 0, 0, 6, 0, 0, 0, 0, 0),
('2020-06-04 17:18:56', '2020-06-04 17:18:56', 75, 8, 0, 0, 0, 0, 2, 2, 0, 0),
('2020-06-04 17:19:09', '2020-06-04 17:19:09', 75, 11, 0, 0, 0, 0, 0, 1, 0, 0),
('2020-06-05 17:36:51', '2020-06-05 17:36:51', 76, 1, 4, 0, 2, 0, 0, 5, 0, 0),
('2020-06-05 17:37:34', '2020-06-05 17:37:34', 76, 4, 3, 0, 6, 0, 0, 0, 0, 0),
('2020-06-05 17:38:03', '2020-06-05 17:38:03', 76, 5, 0, 1, 0, 0, 0, 0, 0, 1),
('2020-06-05 17:39:08', '2020-06-05 17:39:08', 76, 12, 0, 0, 0, 0, 6, 26, 0, 0),
('2020-06-05 17:39:36', '2020-06-05 17:39:36', 76, 13, 0, 0, 0, 0, 2, 0, 1, 0),
('2020-06-06 18:20:34', '2020-06-06 18:20:34', 77, 1, 1, 0, 0, 0, 0, 1, 0, 0),
('2020-06-06 18:20:56', '2020-06-06 18:20:56', 77, 3, 1, 0, 0, 0, 0, 0, 0, 0),
('2020-06-06 18:21:59', '2020-06-06 18:21:59', 77, 4, 0, 0, 5, 0, 0, 30, 0, 0),
('2020-06-06 18:22:38', '2020-06-06 18:22:38', 77, 7, 0, 0, 0, 0, 0, 0, 4, 0),
('2020-06-06 18:23:09', '2020-06-06 18:23:09', 77, 8, 0, 0, 0, 0, 1, 0, 0, 0),
('2020-06-06 18:23:28', '2020-06-06 18:23:28', 77, 9, 0, 0, 1, 0, 4, 0, 0, 0),
('2020-06-06 18:24:16', '2020-06-06 18:24:16', 77, 10, 0, 0, 0, 0, 0, 0, 0, 1),
('2020-06-06 18:25:14', '2020-06-06 18:25:14', 77, 12, 1, 0, 2, 0, 0, 0, 0, 0),
('2020-06-06 18:25:55', '2020-06-06 18:25:55', 77, 13, 0, 0, 0, 0, 1, 0, 1, 0),
('2020-06-07 18:37:47', '2020-06-07 18:37:47', 78, 4, 0, 5, 0, 0, 3, 0, 0, 0),
('2020-06-07 18:39:13', '2020-06-07 18:39:13', 78, 5, 1, 0, 0, 0, 0, 0, 0, 0),
('2020-06-07 18:39:47', '2020-06-07 18:39:47', 78, 6, 2, 0, 0, 0, 0, 0, 1, 0),
('2020-06-07 18:40:14', '2020-06-07 18:40:14', 78, 8, 1, 0, 0, 0, 0, 0, 0, 0),
('2020-06-07 18:40:38', '2020-06-07 18:40:38', 78, 9, 0, 0, 3, 0, 5, 0, 0, 0),
('2020-06-07 18:40:54', '2020-06-07 18:41:14', 78, 10, 0, 1, 0, 0, 0, 0, 0, 0),
('2020-06-07 18:41:44', '2020-06-07 18:41:44', 78, 12, 0, 2, 3, 0, 0, 0, 0, 0),
('2020-06-07 18:42:20', '2020-06-07 18:42:20', 78, 13, 16, 12, 1, 0, 0, 0, 0, 0),
('2020-06-08 17:50:57', '2020-06-08 17:50:57', 79, 6, 0, 0, 0, 0, 0, 0, 1, 0),
('2020-06-08 17:51:19', '2020-06-08 17:51:19', 79, 9, 0, 0, 0, 0, 6, 0, 0, 0),
('2020-06-08 17:51:39', '2020-06-08 17:51:39', 79, 11, 0, 0, 0, 0, 1, 2, 0, 0),
('2020-06-09 18:39:02', '2020-06-09 18:39:02', 80, 9, 0, 0, 0, 0, 0, 1, 2, 0),
('2020-06-09 18:39:19', '2020-06-09 18:39:19', 80, 11, 0, 0, 0, 0, 0, 1, 0, 0),
('2020-06-10 18:09:08', '2020-06-10 18:09:08', 81, 3, 0, 0, 1, 0, 0, 0, 0, 0),
('2020-06-10 18:09:27', '2020-06-10 18:09:27', 81, 7, 0, 0, 0, 0, 0, 0, 1, 0),
('2020-06-10 18:09:49', '2020-06-10 18:09:49', 81, 8, 0, 0, 0, 0, 0, 2, 0, 0),
('2020-06-10 18:10:09', '2020-06-10 18:10:09', 81, 11, 0, 0, 0, 0, 1, 0, 0, 0),
('2020-06-10 18:10:32', '2020-06-10 18:10:32', 81, 12, 0, 0, 0, 0, 23, 6, 0, 0),
('2020-06-10 18:10:48', '2020-06-10 18:10:48', 81, 13, 0, 0, 0, 0, 4, 0, 0, 0),
('2020-06-11 18:03:50', '2020-06-11 18:03:50', 82, 7, 0, 3, 1, 0, 0, 0, 0, 3),
('2020-06-11 18:04:26', '2020-06-11 18:04:26', 82, 8, 0, 0, 0, 0, 0, 2, 0, 0),
('2020-06-11 18:04:48', '2020-06-11 18:04:48', 82, 9, 0, 0, 0, 0, 1, 4, 5, 0),
('2020-06-11 18:05:07', '2020-06-11 18:05:07', 82, 11, 0, 0, 0, 0, 0, 1, 0, 0),
('2020-06-11 18:05:28', '2020-06-11 18:33:15', 82, 13, 0, 0, 0, 0, 9, 0, 2, 0),
('2020-06-12 17:24:15', '2020-06-12 17:24:15', 83, 1, 0, 0, 0, 0, 4, 0, 0, 0),
('2020-06-12 17:24:35', '2020-06-12 17:24:35', 83, 6, 0, 0, 0, 0, 0, 2, 0, 0),
('2020-06-12 17:25:02', '2020-06-12 17:25:02', 83, 8, 0, 0, 0, 0, 3, 0, 0, 0),
('2020-06-12 17:25:23', '2020-06-12 17:25:47', 83, 10, 0, 0, 0, 0, 2, 0, 1, 0),
('2020-06-12 17:26:32', '2020-06-12 17:26:32', 83, 13, 0, 0, 0, 0, 4, 0, 0, 3),
('2020-06-13 18:29:49', '2020-06-13 18:29:49', 84, 1, 0, 0, 0, 0, 1, 0, 0, 0),
('2020-06-13 18:30:25', '2020-06-13 18:30:25', 84, 4, 1, 0, 0, 0, 0, 0, 0, 0),
('2020-06-13 18:30:53', '2020-06-13 18:30:53', 84, 5, 0, 1, 0, 0, 0, 0, 0, 0),
('2020-06-13 18:31:45', '2020-06-13 18:31:45', 84, 6, 1, 0, 0, 0, 0, 0, 0, 0),
('2020-06-13 18:32:30', '2020-06-13 18:32:30', 84, 7, 0, 1, 0, 0, 0, 0, 2, 1),
('2020-06-13 18:33:00', '2020-06-13 18:33:00', 84, 8, 0, 0, 0, 0, 1, 2, 0, 0),
('2020-06-13 18:33:18', '2020-06-13 18:33:56', 84, 9, 0, 1, 1, 0, 1, 0, 0, 1),
('2020-06-13 18:34:38', '2020-06-13 18:34:38', 84, 12, 3, 0, 0, 0, 0, 0, 0, 0),
('2020-06-13 18:35:21', '2020-06-13 18:54:12', 84, 13, 4, 0, 0, 0, 5, 0, 0, 0),
('2020-06-14 17:06:37', '2020-06-14 17:06:37', 85, 1, 1, 0, 1, 0, 0, 0, 0, 0),
('2020-06-14 17:07:16', '2020-06-14 17:07:16', 85, 4, 0, 0, 6, 0, 5, 0, 0, 0),
('2020-06-14 17:07:46', '2020-06-14 17:07:46', 85, 5, 0, 1, 0, 0, 0, 0, 0, 1),
('2020-06-14 17:08:21', '2020-06-14 17:08:21', 85, 6, 0, 0, 1, 0, 0, 2, 1, 0),
('2020-06-14 17:09:12', '2020-06-14 17:09:12', 85, 7, 0, 4, 4, 0, 0, 0, 0, 4),
('2020-06-14 17:10:17', '2020-06-14 17:10:17', 85, 10, 1, 0, 0, 0, 0, 0, 0, 0),
('2020-06-14 17:11:05', '2020-06-14 17:11:05', 85, 11, 0, 0, 0, 0, 2, 0, 1, 0),
('2020-06-14 17:12:01', '2020-06-14 17:12:01', 85, 12, 0, 0, 7, 0, 0, 0, 0, 0),
('2020-06-14 17:12:33', '2020-06-14 17:12:33', 85, 13, 0, 0, 0, 0, 2, 0, 0, 0);

-- --------------------------------------------------------

--
-- Table structure for table `migrations`
--

CREATE TABLE `migrations` (
  `id` int(10) UNSIGNED NOT NULL,
  `migration` varchar(255) COLLATE utf8mb4_unicode_ci NOT NULL,
  `batch` int(11) NOT NULL
) ENGINE=InnoDB DEFAULT CHARSET=utf8mb4 COLLATE=utf8mb4_unicode_ci;

--
-- Dumping data for table `migrations`
--

INSERT INTO `migrations` (`id`, `migration`, `batch`) VALUES
(1, '2020_05_03_180549_create_stats_table', 1),
(2, '2020_05_03_195816_create_provinsi_table', 1),
(3, '2020_05_03_200208_create_kabupaten_table', 1),
(4, '2020_05_03_200441_create_rumah_sakit_table', 1),
(5, '2020_05_03_200650_create_posko_table', 1),
(6, '2020_05_03_200818_create_phone_table', 1),
(7, '2020_05_10_031710_create_local_case_histories_table', 1),
(8, '2014_10_12_000000_create_users_table', 2),
(9, '2014_10_12_100000_create_password_resets_table', 2),
(10, '2020_05_16_143002_create_districts_table', 2),
(11, '2016_06_01_000001_create_oauth_auth_codes_table', 3),
(12, '2016_06_01_000002_create_oauth_access_tokens_table', 3),
(13, '2016_06_01_000003_create_oauth_refresh_tokens_table', 3),
(14, '2016_06_01_000004_create_oauth_clients_table', 3),
(15, '2016_06_01_000005_create_oauth_personal_access_clients_table', 3),
(16, '2020_06_15_104024_create_infographics_table', 4),
(17, '2020_06_15_104322_create_infographic_images_table', 5);

-- --------------------------------------------------------

--
-- Table structure for table `national_case_histories`
--

CREATE TABLE `national_case_histories` (
  `day` int(2) NOT NULL,
  `date` varchar(22) DEFAULT NULL,
  `cumulative_positive` int(11) DEFAULT NULL,
  `cumulative_recovered` int(11) DEFAULT NULL,
  `cumulative_deceased` int(11) DEFAULT NULL,
  `cumulative_under_treatment` int(11) DEFAULT NULL,
  `daily_positive_case` int(11) DEFAULT NULL,
  `daily_recovered_case` int(11) DEFAULT NULL,
  `daily_deceased_case` int(11) DEFAULT NULL,
  `daily_under_treatment_case` int(11) DEFAULT NULL,
  `created_at` timestamp NULL DEFAULT NULL,
  `updated_at` timestamp NULL DEFAULT NULL
) ENGINE=InnoDB DEFAULT CHARSET=utf8;

--
-- Dumping data for table `national_case_histories`
--

INSERT INTO `national_case_histories` (`day`, `date`, `cumulative_positive`, `cumulative_recovered`, `cumulative_deceased`, `cumulative_under_treatment`, `daily_positive_case`, `daily_recovered_case`, `daily_deceased_case`, `daily_under_treatment_case`, `created_at`, `updated_at`) VALUES
(1, '2020-03-02 00:00:00', 2, 0, 0, 2, 2, 0, 0, 2, NULL, NULL),
(2, '2020-03-03 00:00:00', 2, 0, 0, 2, 0, 0, 0, 0, NULL, NULL),
(3, '2020-03-04 00:00:00', 2, 0, 0, 2, 0, 0, 0, 0, NULL, NULL),
(4, '2020-03-05 00:00:00', 2, 0, 0, 2, 0, 0, 0, 0, NULL, NULL),
(5, '2020-03-06 00:00:00', 4, 0, 0, 4, 2, 0, 0, 2, NULL, NULL),
(6, '2020-03-07 00:00:00', 4, 0, 0, 4, 0, 0, 0, 0, NULL, NULL),
(7, '2020-03-08 00:00:00', 6, 0, 0, 6, 2, 0, 0, 2, NULL, NULL),
(8, '2020-03-09 00:00:00', 19, 0, 0, 19, 13, 0, 0, 13, NULL, NULL),
(9, '2020-03-10 00:00:00', 27, 2, 0, 25, 8, 2, 0, 6, NULL, NULL),
(10, '2020-03-11 00:00:00', 34, 2, 1, 31, 7, 0, 1, 6, NULL, NULL),
(11, '2020-03-12 00:00:00', 34, 2, 1, 31, 0, 0, 0, 0, NULL, NULL),
(12, '2020-03-13 00:00:00', 69, 2, 4, 63, 35, 0, 3, 32, NULL, NULL),
(13, '2020-03-14 00:00:00', 96, 8, 5, 83, 27, 6, 1, 20, NULL, NULL),
(14, '2020-03-15 00:00:00', 117, 8, 5, 104, 21, 0, 0, 21, NULL, NULL),
(15, '2020-03-16 00:00:00', 134, 8, 5, 121, 17, 0, 0, 17, NULL, NULL),
(16, '2020-03-17 00:00:00', 172, 9, 5, 158, 38, 1, 0, 37, NULL, NULL),
(17, '2020-03-18 00:00:00', 227, 11, 19, 197, 55, 2, 14, 39, NULL, NULL),
(18, '2020-03-19 00:00:00', 309, 15, 25, 269, 82, 4, 6, 72, NULL, NULL),
(19, '2020-03-20 00:00:00', 369, 17, 32, 320, 60, 2, 7, 51, NULL, NULL),
(20, '2020-03-21 00:00:00', 450, 20, 38, 392, 81, 3, 6, 72, NULL, NULL),
(21, '2020-03-22 00:00:00', 514, 29, 48, 437, 64, 9, 10, 45, NULL, NULL),
(22, '2020-03-23 00:00:00', 579, 30, 49, 500, 65, 1, 1, 63, NULL, NULL),
(23, '2020-03-24 00:00:00', 686, 30, 55, 601, 106, 0, 6, 101, NULL, NULL),
(24, '2020-03-25 00:00:00', 790, 31, 58, 701, 105, 1, 3, 100, NULL, NULL),
(25, '2020-03-26 00:00:00', 893, 35, 78, 780, 103, 4, 20, 79, NULL, NULL),
(26, '2020-03-27 00:00:00', 1046, 46, 87, 913, 153, 11, 9, 133, NULL, NULL),
(27, '2020-03-28 00:00:00', 1155, 59, 102, 994, 109, 13, 15, 81, NULL, NULL),
(28, '2020-03-29 00:00:00', 1285, 64, 114, 1107, 130, 5, 12, 113, NULL, NULL),
(29, '2020-03-30 00:00:00', 1414, 75, 122, 1217, 129, 11, 8, 110, NULL, NULL),
(30, '2020-03-31 00:00:00', 1528, 81, 136, 1311, 114, 6, 14, 94, NULL, NULL),
(31, '2020-04-01 00:00:00', 1677, 103, 157, 1417, 149, 22, 21, 106, NULL, NULL),
(32, '2020-04-02 00:00:00', 1790, 112, 170, 1508, 113, 9, 13, 91, NULL, NULL),
(33, '2020-04-03 00:00:00', 1986, 134, 181, 1671, 196, 22, 11, 163, NULL, NULL),
(34, '2020-04-04 00:00:00', 2092, 150, 191, 1751, 106, 16, 10, 80, NULL, NULL),
(35, '2020-04-05 00:00:00', 2273, 164, 198, 1911, 181, 14, 7, 160, NULL, NULL),
(36, '2020-04-06 00:00:00', 2491, 192, 209, 2090, 218, 28, 11, 179, NULL, NULL),
(37, '2020-04-07 00:00:00', 2738, 204, 221, 2313, 247, 12, 12, 223, NULL, NULL),
(38, '2020-04-08 00:00:00', 2956, 222, 240, 2494, 218, 18, 19, 181, NULL, NULL),
(39, '2020-04-09 00:00:00', 3293, 252, 280, 2761, 337, 30, 40, 267, NULL, NULL),
(40, '2020-04-10 00:00:00', 3512, 282, 306, 2924, 219, 30, 26, 163, NULL, NULL),
(41, '2020-04-11 00:00:00', 3842, 286, 327, 3229, 330, 4, 21, 305, NULL, NULL),
(42, '2020-04-12 00:00:00', 4241, 359, 373, 3509, 399, 73, 46, 280, NULL, NULL),
(43, '2020-04-13 00:00:00', 4557, 380, 399, 3778, 316, 21, 26, 269, NULL, NULL),
(44, '2020-04-14 00:00:00', 4839, 426, 459, 3954, 282, 46, 60, 176, NULL, NULL),
(45, '2020-04-15 00:00:00', 5136, 446, 469, 4221, 297, 20, 10, 267, NULL, NULL),
(46, '2020-04-16 00:00:00', 5516, 548, 496, 4472, 380, 102, 27, 251, NULL, NULL),
(47, '2020-04-17 00:00:00', 5923, 607, 520, 4796, 407, 59, 24, 324, NULL, NULL),
(48, '2020-04-18 00:00:00', 6248, 631, 535, 5082, 325, 24, 15, 286, NULL, NULL),
(49, '2020-04-19 00:00:00', 6575, 686, 582, 5307, 327, 55, 47, 225, NULL, NULL),
(50, '2020-04-20 00:00:00', 6760, 747, 590, 5423, 185, 61, 8, 116, NULL, NULL),
(51, '2020-04-21 00:00:00', 7135, 842, 616, 5677, 375, 95, 26, 254, NULL, NULL),
(52, '2020-04-22 00:00:00', 7418, 913, 635, 5870, 283, 71, 19, 193, NULL, NULL),
(53, '2020-04-23 00:00:00', 7775, 960, 647, 6168, 357, 47, 12, 298, NULL, NULL),
(54, '2020-04-24 00:00:00', 8211, 1002, 689, 6520, 436, 42, 42, 352, NULL, NULL),
(55, '2020-04-25 00:00:00', 8607, 1042, 720, 6845, 396, 40, 31, 325, NULL, NULL),
(56, '2020-04-26 00:00:00', 8882, 1107, 743, 7032, 275, 65, 23, 187, NULL, NULL),
(57, '2020-04-27 00:00:00', 9096, 1151, 765, 7180, 214, 44, 22, 148, NULL, NULL),
(58, '2020-04-28 00:00:00', 9511, 1254, 773, 7484, 415, 103, 8, 304, NULL, NULL),
(59, '2020-04-29 00:00:00', 9771, 1391, 784, 7596, 260, 137, 11, 112, NULL, NULL),
(60, '2020-04-30 00:00:00', 10118, 1522, 792, 7804, 347, 131, 8, 208, NULL, NULL),
(61, '2020-05-01 00:00:00', 10551, 1591, 800, 8160, 433, 69, 8, 356, NULL, NULL),
(62, '2020-05-02 00:00:00', 10843, 1665, 831, 8347, 292, 74, 31, 187, NULL, NULL),
(63, '2020-05-03 00:00:00', 11192, 1876, 845, 8471, 349, 211, 14, 124, NULL, NULL),
(64, '2020-05-04 00:00:00', 11587, 1954, 864, 8769, 395, 78, 19, 298, NULL, NULL),
(65, '2020-05-05 00:00:00', 12071, 2197, 872, 9002, 484, 243, 8, 233, NULL, NULL),
(66, '2020-05-06 00:00:00', 12438, 2317, 895, 9226, 367, 120, 23, 224, NULL, NULL),
(67, '2020-05-07 00:00:00', 12776, 2381, 930, 9465, 338, 64, 35, 239, NULL, NULL),
(68, '2020-05-08 00:00:00', 13112, 2494, 943, 9675, 336, 113, 13, 210, NULL, NULL),
(69, '2020-05-09 00:00:00', 13645, 2607, 959, 10079, 533, 113, 16, 404, NULL, NULL),
(70, '2020-05-10 00:00:00', 14032, 2698, 973, 10361, 387, 91, 14, 282, NULL, NULL),
(71, '2020-05-11 00:00:00', 14265, 2881, 991, 10393, 233, 183, 18, 32, NULL, NULL),
(72, '2020-05-12 00:00:00', 14749, 3063, 1007, 10679, 484, 182, 16, 286, NULL, NULL),
(73, '2020-05-13 00:00:00', 15438, 3287, 1028, 11123, 689, 224, 21, 444, NULL, NULL),
(74, '2020-05-14 00:00:00', 16006, 3518, 1043, 11445, 568, 231, 15, 322, NULL, NULL),
(75, '2020-05-15 00:00:00', 16496, 3803, 1076, 11617, 490, 285, 33, 172, NULL, NULL),
(76, '2020-05-16 00:00:00', 17025, 3911, 1089, 12025, 529, 108, 13, 408, NULL, NULL),
(77, '2020-05-17 00:00:00', 17514, 4129, 1148, 12237, 489, 218, 59, 212, NULL, NULL),
(78, '2020-05-18 02:23:18', 18010, 4324, 1191, 12495, 496, 195, 43, 258, NULL, NULL),
(79, '2020-05-19 17:54:05', 18496, 4467, 1221, 12808, 486, 143, 30, 313, NULL, NULL),
(80, '2020-05-20 15:51:49', 19189, 4575, 1242, 13372, 693, 108, 21, 564, NULL, NULL),
(81, '2020-05-21 16:48:43', 20162, 4838, 1278, 14046, 973, 263, 36, 674, NULL, NULL),
(82, '2020-05-22 16:58:46', 20796, 5057, 1326, 14413, 634, 219, 48, 367, NULL, NULL),
(83, '2020-05-23 17:08:55', 21745, 5249, 1351, 15145, 949, 192, 25, 757, NULL, NULL),
(84, '2020-05-24 17:28:00', 22271, 5402, 1372, 15497, 526, 153, 21, 352, NULL, NULL),
(85, '2020-05-25 16:45:29', 22750, 5642, 1391, 15717, 479, 240, 19, 220, NULL, NULL),
(86, '2020-05-26 16:44:29', 23165, 5877, 1418, 15870, 415, 235, 27, 153, NULL, NULL),
(87, '2020-05-27 16:20:29', 23851, 6057, 1473, 16321, 686, 180, 55, 451, NULL, '2020-05-28 06:23:29'),
(88, '2020-05-28 17:09:29', 24538, 6240, 1496, 16802, 687, 183, 23, 481, '2020-05-28 17:11:29', '2020-05-28 17:26:37'),
(89, '2020-05-29 15:50:21', 25216, 6492, 1520, 17204, 678, 252, 24, 402, '2020-05-29 15:52:23', '2020-05-29 17:24:37'),
(90, '2020-05-30 17:38:21', 25773, 7015, 1573, 17185, 557, 523, 53, -19, '2020-05-30 17:39:09', '2020-05-30 17:40:26'),
(91, '2020-05-31 16:09:21', 26473, 7308, 1613, 17552, 700, 293, 40, 467, '2020-05-31 16:10:57', '2020-05-31 17:42:13'),
(92, '2020-06-1 16:56:21', 26940, 7637, 1641, 17662, 467, 329, 28, 110, '2020-06-01 16:58:12', '2020-06-01 17:16:53'),
(93, '2020-06-2 16:56:21', 27549, 7935, 1663, 17951, 609, 298, 22, 289, '2020-06-02 17:00:35', '2020-06-02 17:02:06'),
(94, '2020-06-3 19:27:21', 28233, 8406, 1698, 18129, 684, 471, 35, 178, '2020-06-03 19:34:01', '2020-06-03 19:56:57'),
(95, '2020-06-4 17:14:21', 28818, 8892, 1721, 18205, 585, 486, 23, 76, '2020-06-04 17:15:00', '2020-06-04 17:15:54'),
(96, '2020-06-5 17:43:21', 29521, 9443, 1770, 18308, 703, 551, 49, 103, '2020-06-05 17:45:42', '2020-06-05 17:45:42'),
(97, '2020-06-6 17:29:21', 30514, 9907, 1801, 18806, 993, 464, 31, 498, '2020-06-06 17:29:52', '2020-06-06 17:29:52'),
(98, '2020-06-07 18:15:21', 31186, 10498, 1851, 18837, 672, 591, 50, 31, '2020-06-07 10:30:07', '2020-06-07 18:35:23'),
(99, '2020-06-08 17:47:21', 32033, 10904, 1883, 19246, 847, 406, 32, 409, '2020-06-08 17:48:17', '2020-06-08 17:48:17'),
(100, '2020-06-09 18:12:21', 33076, 11414, 1923, 19739, 1043, 510, 40, 493, '2020-06-09 18:13:02', '2020-06-09 19:15:35'),
(101, '2020-06-10 18:03:21', 34316, 12129, 1959, 20228, 1240, 715, 36, 489, '2020-06-10 18:05:25', '2020-06-10 18:06:57'),
(102, '2020-06-11 18:58:21', 35295, 12636, 2000, 20659, 979, 507, 41, 431, '2020-06-11 17:59:16', '2020-06-11 18:02:27'),
(103, '2020-06-12 17:17:22', 36406, 13213, 2048, 21145, 1111, 577, 48, 486, '2020-06-12 17:19:28', '2020-06-12 17:28:56'),
(104, '2020-06-13 18:26:22', 37420, 13776, 2091, 21553, 1014, 563, 43, 408, '2020-06-13 18:27:54', '2020-06-13 18:27:54'),
(105, '2020-06-14 16:56:52', 38277, 14531, 2134, 21612, 857, 755, 43, 59, '2020-06-14 16:57:47', '2020-06-14 16:57:47');

-- --------------------------------------------------------

--
-- Table structure for table `password_resets`
--

CREATE TABLE `password_resets` (
  `email` varchar(255) COLLATE utf8mb4_unicode_ci NOT NULL,
  `token` varchar(255) COLLATE utf8mb4_unicode_ci NOT NULL,
  `created_at` timestamp NULL DEFAULT NULL
) ENGINE=InnoDB DEFAULT CHARSET=utf8mb4 COLLATE=utf8mb4_unicode_ci;

-- --------------------------------------------------------

--
-- Table structure for table `phone`
--

CREATE TABLE `phone` (
  `phone` varchar(255) COLLATE utf8mb4_unicode_ci NOT NULL,
  `id_posko` bigint(20) UNSIGNED NOT NULL,
  `created_at` timestamp NULL DEFAULT NULL,
  `updated_at` timestamp NULL DEFAULT NULL
) ENGINE=InnoDB DEFAULT CHARSET=utf8mb4 COLLATE=utf8mb4_unicode_ci;

--
-- Dumping data for table `phone`
--

INSERT INTO `phone` (`phone`, `id_posko`, `created_at`, `updated_at`) VALUES
('0811455179', 15, '2020-05-10 05:08:00', '2020-05-10 05:08:00'),
('081241415651', 1, '2020-05-10 05:08:00', '2020-05-10 05:08:00'),
('081242024403', 17, '2020-05-10 05:08:00', '2020-05-10 05:08:00'),
('081245056400', 13, '2020-05-10 05:08:00', '2020-05-10 05:08:00'),
('081245118900', 4, '2020-05-10 05:08:00', '2020-05-10 05:08:00'),
('081245515355', 12, '2020-05-10 05:08:00', '2020-05-10 05:08:00'),
('081288035909', 8, '2020-05-10 05:08:00', '2020-05-10 05:08:00'),
('081290207773', 10, '2020-05-10 05:08:00', '2020-05-10 05:08:00'),
('081311444463', 16, '2020-05-10 05:08:00', '2020-05-10 05:08:00'),
('081340806676', 6, '2020-05-10 05:08:00', '2020-05-10 05:08:00'),
('081355555057', 9, '2020-05-10 05:08:00', '2020-05-10 05:08:00'),
('082187875030', 15, '2020-05-10 05:08:00', '2020-05-10 05:08:00'),
('082187875080', 15, '2020-05-10 05:08:00', '2020-05-10 05:08:00'),
('082194666880', 18, '2020-05-10 05:08:00', '2020-05-10 05:08:00'),
('082290513330', 19, '2020-05-10 05:08:00', '2020-05-10 05:08:00'),
('082292105885', 3, '2020-05-10 05:08:00', '2020-05-10 05:08:00'),
('082293744444', 20, '2020-05-10 05:08:00', '2020-05-10 05:08:00'),
('082296024322', 21, '2020-05-10 05:08:00', '2020-05-10 05:08:00'),
('082347836979', 11, '2020-05-10 05:08:00', '2020-05-10 05:08:00'),
('082399464837', 22, '2020-05-24 21:55:01', '2020-05-24 21:55:01'),
('083133164440', 14, '2020-05-10 05:08:00', '2020-05-10 05:08:00'),
('085242534646', 7, '2020-05-10 05:08:00', '2020-05-10 05:08:00'),
('085281691921', 2, '2020-05-10 05:08:00', '2020-05-10 05:08:00'),
('085340427778', 5, '2020-05-10 05:08:00', '2020-05-10 05:08:00'),
('085355556660', 4, '2020-05-10 05:08:00', '2020-05-10 05:08:00');

-- --------------------------------------------------------

--
-- Table structure for table `posko`
--

CREATE TABLE `posko` (
  `id` bigint(20) UNSIGNED NOT NULL,
  `nama` varchar(60) COLLATE utf8mb4_unicode_ci NOT NULL,
  `kode_kabupaten` int(11) NOT NULL,
  `created_at` timestamp NULL DEFAULT NULL,
  `updated_at` timestamp NULL DEFAULT NULL
) ENGINE=InnoDB DEFAULT CHARSET=utf8mb4 COLLATE=utf8mb4_unicode_ci;

--
-- Dumping data for table `posko`
--

INSERT INTO `posko` (`id`, `nama`, `kode_kabupaten`, `created_at`, `updated_at`) VALUES
(1, 'dr. Anang (Kepala Dinkes Banggai)', 1, '2020-05-10 05:08:00', '2020-05-10 05:08:00'),
(2, 'Ibu Nur Datu Adam (Jubir)', 1, '2020-05-10 05:08:00', '2020-05-10 05:08:00'),
(3, 'Arabia Tamrin', 2, '2020-05-10 05:08:00', '2020-05-10 05:08:00'),
(4, 'Bustanul Arifin S.Farm, Apt, M.Sc', 3, '2020-05-10 05:08:00', '2020-05-10 05:08:00'),
(5, 'Muh Rizal Naukoko', 4, '2020-05-10 05:08:00', '2020-05-10 05:08:00'),
(6, 'dr. Aryanto Panambang', 4, '2020-05-10 05:08:00', '2020-05-10 05:08:00'),
(7, 'dr. Mariyati Ismail', 4, '2020-05-10 05:08:00', '2020-05-10 05:08:00'),
(8, 'Akris', 5, '2020-05-10 05:08:00', '2020-05-10 05:08:00'),
(9, 'Inggit', 5, '2020-05-10 05:08:00', '2020-05-10 05:08:00'),
(10, 'Ashar Ma\'Ruf (Kepala Dinkes Morowali)', 6, '2020-05-10 05:08:00', '2020-05-10 05:08:00'),
(11, 'Vita Anggraini, SKM', 7, '2020-05-10 05:08:00', '2020-05-28 04:44:48'),
(12, 'Bu Delnan (Kepala Dinkes Morut)', 7, '2020-05-10 05:08:00', '2020-05-10 05:08:00'),
(13, 'Abd. Aziz Tombolotutu', 8, '2020-05-10 05:08:00', '2020-05-10 05:08:00'),
(14, 'Irwan, SKM, M. Kes (Jubir)', 8, '2020-05-10 05:08:00', '2020-05-10 05:08:00'),
(15, 'Posko Gugus Tugas COVID-19 Poso', 9, '2020-05-10 05:08:00', '2020-05-10 05:08:00'),
(16, 'Posko Gugus Tugas COVID-19 Sigi', 10, '2020-05-10 05:08:00', '2020-05-10 05:08:00'),
(17, 'dr. Rika Fitrauni (Jubir)', 10, '2020-05-10 05:08:00', '2020-05-10 05:08:00'),
(18, 'Posko Gugus Tugas COVID-19 Touna', 11, '2020-05-10 05:08:00', '2020-05-10 05:08:00'),
(19, 'Bpk. Alfian Matajeng', 11, '2020-05-10 05:08:00', '2020-05-10 05:08:00'),
(20, 'Posko Gugus Tugas COVID-19 Toli-Toli', 12, '2020-05-10 05:08:00', '2020-05-10 05:08:00'),
(21, 'Posko Induk Satgas', 13, '2020-05-10 05:08:00', '2020-05-10 05:08:00'),
(22, 'Hotline SATGAS COVID-19 Provinsi', 13, '2020-05-24 21:53:20', '2020-05-28 04:46:45');

-- --------------------------------------------------------

--
-- Table structure for table `provinsi`
--

CREATE TABLE `provinsi` (
  `kode_provinsi` int(11) NOT NULL,
  `provinsi` varchar(255) COLLATE utf8mb4_unicode_ci NOT NULL,
  `positif` int(11) NOT NULL,
  `meninggal` int(11) NOT NULL,
  `sembuh` int(11) NOT NULL,
  `map_id` varchar(6) COLLATE utf8mb4_unicode_ci DEFAULT NULL,
  `created_at` timestamp NULL DEFAULT NULL,
  `updated_at` timestamp NULL DEFAULT NULL
) ENGINE=InnoDB DEFAULT CHARSET=utf8mb4 COLLATE=utf8mb4_unicode_ci;

--
-- Dumping data for table `provinsi`
--

INSERT INTO `provinsi` (`kode_provinsi`, `provinsi`, `positif`, `meninggal`, `sembuh`, `map_id`, `created_at`, `updated_at`) VALUES
(11, 'Aceh', 27, 1, 19, 'ID.AC', '2020-05-04 20:41:05', '2020-06-14 21:41:25'),
(12, 'Sumatera Utara', 872, 59, 210, 'ID.SU', '2020-05-04 20:41:05', '2020-06-14 21:41:39'),
(13, 'Sumatera Barat', 681, 30, 423, 'ID.SB', '2020-05-04 20:41:05', '2020-06-14 21:41:56'),
(14, 'Riau', 125, 6, 109, 'ID.RI', '2020-05-04 20:41:05', '2020-06-13 18:14:15'),
(15, 'Jambi', 108, 0, 37, 'ID.JA', '2020-05-04 20:41:05', '2020-06-13 18:14:15'),
(16, 'Sumatera Selatan', 1396, 55, 618, 'ID.SL', '2020-05-04 20:41:05', '2020-06-14 21:42:43'),
(17, 'Bengkulu', 101, 6, 58, 'ID.BE', '2020-05-04 20:41:05', '2020-06-14 21:42:55'),
(18, 'Lampung', 166, 12, 114, 'ID.LA', '2020-05-04 20:41:05', '2020-06-14 21:43:12'),
(19, 'Bangka Belitung', 144, 1, 63, 'ID.BB', '2020-05-04 20:41:05', '2020-06-14 21:43:29'),
(21, 'Kep. Riau', 239, 16, 136, 'ID.KR', '2020-05-04 20:41:05', '2020-06-14 21:43:57'),
(31, 'DKI Jakarta', 8978, 555, 4089, 'ID.JK', '2020-05-04 20:41:05', '2020-06-14 21:44:42'),
(32, 'Jawa Barat', 2604, 161, 1135, 'ID.JR', '2020-05-04 20:41:05', '2020-06-14 21:45:39'),
(33, 'Jawa Tengah', 2059, 104, 729, 'ID.JI', '2020-05-04 20:41:05', '2020-06-14 21:46:02'),
(34, 'DI Yogyakarta', 269, 8, 210, 'ID.YO', '2020-05-04 20:41:05', '2020-06-14 21:46:17'),
(35, 'Jawa Timur', 7793, 600, 2192, 'ID.JT', '2020-05-04 20:41:05', '2020-06-14 21:46:38'),
(36, 'Banten', 1240, 79, 440, 'ID.BT', '2020-05-04 20:41:05', '2020-06-14 21:46:55'),
(51, 'Bali', 741, 6, 474, 'ID.BA', '2020-05-04 20:41:05', '2020-06-14 21:47:12'),
(52, 'NTB', 915, 33, 577, 'ID.NB', '2020-05-04 20:41:05', '2020-06-14 21:47:30'),
(53, 'NTT', 108, 1, 40, 'ID.NT', '2020-05-04 20:41:05', '2020-06-14 21:47:44'),
(61, 'Kalimantan Barat', 268, 4, 159, 'ID.KB', '2020-05-04 20:41:05', '2020-06-14 21:48:05'),
(62, 'Kalimantan Tengah', 586, 33, 232, 'ID.KT', '2020-05-04 20:41:05', '2020-06-14 21:48:23'),
(63, 'Kalimantan Selatan', 1887, 125, 231, 'ID.KS', '2020-05-04 20:41:05', '2020-06-14 21:48:39'),
(64, 'Kalimantan Timur', 378, 4, 261, 'ID.KI', '2020-05-04 20:41:05', '2020-06-14 21:48:55'),
(65, 'Kalimantan Utara', 170, 2, 137, 'ID.KU', '2020-05-04 20:41:05', '2020-06-14 21:49:09'),
(71, 'Sulawesi Utara', 658, 56, 101, 'ID.SW', '2020-05-04 20:41:05', '2020-06-14 21:49:23'),
(72, 'Sulawesi Tengah', 170, 4, 115, 'ID.ST', '2020-05-04 20:41:05', '2020-06-14 21:50:34'),
(73, 'Sulawesi Selatan', 2840, 116, 902, 'ID.SE', '2020-05-04 20:41:05', '2020-06-14 21:51:39'),
(74, 'Sulawesi Tenggara', 283, 5, 197, 'ID.SG', '2020-05-04 20:41:05', '2020-06-14 21:51:54'),
(75, 'Gorontalo', 185, 8, 80, 'ID.GO', '2020-05-04 20:41:05', '2020-06-13 18:14:15'),
(76, 'Sulawesi Barat', 98, 2, 71, 'ID.SR', '2020-05-04 20:41:05', '2020-06-14 21:52:18'),
(81, 'Maluku', 421, 10, 109, 'ID.MA', '2020-05-04 20:41:05', '2020-06-14 21:52:57'),
(82, 'Maluku Utara', 310, 22, 48, 'ID.133', '2020-05-04 20:41:05', '2020-06-14 21:53:12'),
(91, 'Papua Barat', 208, 3, 87, 'ID.IB', '2020-05-04 20:41:05', '2020-06-14 21:53:27'),
(94, 'Papua', 1249, 7, 128, 'ID.PA', '2020-05-04 20:41:05', '2020-06-14 21:53:39');

-- --------------------------------------------------------

--
-- Table structure for table `rumah_sakit`
--

CREATE TABLE `rumah_sakit` (
  `no` int(11) NOT NULL,
  `nama` varchar(100) COLLATE utf8mb4_unicode_ci NOT NULL,
  `alamat` text COLLATE utf8mb4_unicode_ci NOT NULL,
  `telepon` varchar(20) COLLATE utf8mb4_unicode_ci DEFAULT NULL,
  `email` varchar(50) COLLATE utf8mb4_unicode_ci DEFAULT NULL,
  `longitude` varchar(20) COLLATE utf8mb4_unicode_ci DEFAULT NULL,
  `latitude` varchar(20) COLLATE utf8mb4_unicode_ci DEFAULT NULL,
  `created_at` timestamp NULL DEFAULT NULL,
  `updated_at` timestamp NULL DEFAULT NULL
) ENGINE=InnoDB DEFAULT CHARSET=utf8mb4 COLLATE=utf8mb4_unicode_ci;

--
-- Dumping data for table `rumah_sakit`
--

INSERT INTO `rumah_sakit` (`no`, `nama`, `alamat`, `telepon`, `email`, `longitude`, `latitude`, `created_at`, `updated_at`) VALUES
(1, 'RSUD Undata Palu', 'Jalan Trans Sulawesi Tondo, Talise, Mantikulore, Kota Palu, Sulawesi Tengah 94119', '04514908020', 'rsundata@yahoo.com', '119.881858', '-0.8578386', '2020-05-10 05:07:59', '2020-05-28 01:38:28'),
(2, 'RSU Anutapura Palu', 'Jl. Kangkung No.1, Donggala Kodi, Palu, Kota Palu, Sulawesi Tengah 94111', '0451460570', 'rsu_anutapurapalu@yahoo.com', '119.8494619', '-0.8998931', '2020-05-10 05:07:59', '2020-05-10 05:07:59'),
(3, 'RSUD Kab. Banggai Luwuk', 'Jl. Imam Bonjol No.14, Bungin Tim., Luwuk, Kabupaten Banggai, Sulawesi Tengah 94711', '046121820', 'rsud.luwuk@gmail.com', '122.8221964', '-0.9340932', '2020-05-10 05:07:59', '2020-05-10 05:07:59'),
(4, 'RSU Mokopido Toli-Toli', 'Jl. Lanoni No.37 Kel Baru Kec Baolan kab Toli-Toli, Sulteng', '045321301', 'mokopido@gmail.com', '120.8227769', '1.0358794', '2020-05-10 05:07:59', '2020-05-10 05:07:59'),
(5, 'RSUD Kolonedale', 'Jalan W Monginsidi No.2, Kolonodale, Petasia, Kabupaten Morowali, Sulawesi Tengah 94971', '046521010', 'rsudkolonodale@gmail.com', '121.3346904', '-1.9724047', '2020-05-10 05:07:59', '2020-05-10 05:07:59');

-- --------------------------------------------------------

--
-- Table structure for table `stats`
--

CREATE TABLE `stats` (
  `id` bigint(20) UNSIGNED NOT NULL,
  `day` varchar(255) COLLATE utf8mb4_unicode_ci NOT NULL,
  `date` varchar(255) COLLATE utf8mb4_unicode_ci NOT NULL,
  `positive` int(11) NOT NULL,
  `recovered` int(11) NOT NULL,
  `death` int(11) NOT NULL,
  `negative` int(11) NOT NULL DEFAULT 0,
  `new_ODP` int(11) NOT NULL DEFAULT 0,
  `new_PDP` int(11) NOT NULL DEFAULT 0,
  `finished_ODP` int(11) NOT NULL DEFAULT 0,
  `finished_PDP` int(11) NOT NULL DEFAULT 0,
  `Rt` double DEFAULT NULL,
  `Rt_upper` double DEFAULT 0,
  `Rt_lower` double DEFAULT 0,
  `created_at` timestamp NULL DEFAULT NULL,
  `updated_at` timestamp NULL DEFAULT NULL
) ENGINE=InnoDB DEFAULT CHARSET=utf8mb4 COLLATE=utf8mb4_unicode_ci;

--
-- Dumping data for table `stats`
--

INSERT INTO `stats` (`id`, `day`, `date`, `positive`, `recovered`, `death`, `negative`, `new_ODP`, `new_PDP`, `finished_ODP`, `finished_PDP`, `Rt`, `Rt_upper`, `Rt_lower`, `created_at`, `updated_at`) VALUES
(1, '1', '2020-03-22 00:00:00', 0, 0, 0, 0, 10, 7, 0, 0, 0, 0, 0, '2020-03-22 00:00:00', '2020-05-10 05:08:12'),
(2, '2', '2020-03-23 00:00:00', 0, 0, 0, 3, 10, 5, 0, 0, 0, 0, 0, '2020-03-23 00:00:00', '2020-05-10 05:08:12'),
(3, '3', '2020-03-24 00:00:00', 0, 0, 0, 0, 4, 5, 0, 0, 0, 0, 0, '2020-03-24 00:00:00', '2020-05-10 05:08:12'),
(4, '4', '2020-03-25 00:00:00', 0, 0, 0, 0, 19, 2, 0, 0, 0, 0, 0, '2020-03-25 00:00:00', '2020-05-10 05:08:12'),
(5, '5', '2020-03-26 00:00:00', 1, 0, 0, 1, 3, 0, 1, 0, 0, 0, 0, '2020-03-26 00:00:00', '2020-05-10 05:08:12'),
(6, '6', '2020-03-27 00:00:00', 0, 0, 0, 1, 1, 0, 0, 0, 1, 6.32, 0, '2020-03-27 00:00:00', '2020-05-10 05:08:12'),
(7, '7', '2020-03-28 00:00:00', 1, 0, 0, 0, 3, 9, 1, 0, 1, 5.09, 0, '2020-03-28 00:00:00', '2020-05-10 05:08:12'),
(8, '8', '2020-03-29 00:00:00', 0, 0, 0, 0, 15, 0, 3, 0, 1, 4.41, 0, '2020-03-29 00:00:00', '2020-05-10 05:08:12'),
(9, '9', '2020-03-30 00:00:00', 0, 0, 1, 0, 43, 1, 5, 0, 1, 4.41, 0, '2020-03-30 00:00:00', '2020-05-10 05:08:12'),
(10, '10', '2020-03-31 00:00:00', 0, 0, 0, 1, 11, 0, 0, 0, 1, 4.41, 0, '2020-03-31 00:00:00', '2020-05-10 05:08:12'),
(11, '11', '2020-04-01 00:00:00', 0, 0, 0, 2, 8, 0, 5, 3, 1, 4.41, 0, '2020-04-01 00:00:00', '2020-05-10 05:08:12'),
(12, '12', '2020-04-02 00:00:00', 0, 0, 0, 0, 10, 2, 8, 0, 1, 3.97, 0, '2020-04-02 00:00:00', '2020-05-10 05:08:12'),
(13, '13', '2020-04-03 00:00:00', 2, 0, 0, 0, 7, 3, 9, 4, 1, 3.71, 0, '2020-04-03 00:00:00', '2020-05-10 05:08:12'),
(14, '14', '2020-04-04 00:00:00', 0, 0, 1, 0, 7, 1, 3, 1, 1, 3.5, 0, '2020-04-04 00:00:00', '2020-05-10 05:08:12'),
(15, '15', '2020-04-05 00:00:00', 0, 0, 0, 0, 5, 1, 4, 0, 1, 3.3, 0, '2020-04-05 00:00:00', '2020-05-10 05:08:12'),
(16, '16', '2020-04-06 00:00:00', 1, 0, 0, 1, 262, 5, 11, 1, 1, 3.3, 0, '2020-04-06 00:00:00', '2020-05-10 05:08:12'),
(17, '17', '2020-04-07 00:00:00', 0, 0, 0, 0, 9, 1, 16, 0, 1, 3.3, 0, '2020-04-07 00:00:00', '2020-05-10 05:08:12'),
(18, '18', '2020-04-08 00:00:00', 1, 2, 0, 2, 15, 7, 31, 2, 1.53, 3.62, 0, '2020-04-08 00:00:00', '2020-05-10 05:08:12'),
(19, '19', '2020-04-09 00:00:00', 0, 0, 0, 2, 5, 1, 34, 4, 1.89, 3.75, 0, '2020-04-09 00:00:00', '2020-05-10 05:08:12'),
(20, '20', '2020-04-10 00:00:00', 8, 0, 0, 2, 7, 2, 40, 5, 2.05, 3.71, 0.01, '2020-04-10 00:00:00', '2020-05-10 05:08:12'),
(21, '21', '2020-04-11 00:00:00', 5, 0, 0, 5, 10, 3, 3, 10, 1.83, 3.34, 0, '2020-04-11 00:00:00', '2020-05-10 05:08:12'),
(22, '22', '2020-04-12 00:00:00', 0, 0, 0, 4, 12, 1, 7, 3, 1.47, 2.92, 0.02, '2020-04-12 00:00:00', '2020-05-10 05:08:12'),
(23, '23', '2020-04-13 00:00:00', 0, 0, 1, 0, 5, 2, 13, 0, 1.22, 2.61, 0, '2020-04-13 00:00:00', '2020-05-10 05:08:12'),
(24, '24', '2020-04-14 00:00:00', 0, 0, 0, 0, 6, 2, 18, 0, 1.21, 2.56, 0, '2020-04-14 00:00:00', '2020-05-10 05:08:12'),
(25, '25', '2020-04-15 00:00:00', 3, 0, 0, 2, 14, 3, 61, 4, 1, 2.38, 0, '2020-04-15 00:00:00', '2020-05-10 05:08:12'),
(26, '26', '2020-04-16 00:00:00', 0, 0, 0, 1, 3, 5, 7, 2, 0.79, 2.25, 0, '2020-04-16 00:00:00', '2020-05-10 05:08:12'),
(27, '27', '2020-04-17 00:00:00', 0, 0, 0, 0, 58, 4, 9, 0, 0.56, 2.13, 0, '2020-04-17 00:00:00', '2020-05-10 05:08:12'),
(28, '28', '2020-04-18 00:00:00', 2, 0, 0, 0, 10, 3, 119, 2, 0.5, 2.19, 0, '2020-04-18 00:00:00', '2020-05-10 05:08:12'),
(29, '29', '2020-04-19 00:00:00', 3, 0, 0, 0, 24, 3, 7, 2, 0.72, 2.45, 0, '2020-04-19 00:00:00', '2020-05-10 05:08:12'),
(30, '30', '2020-04-20 00:00:00', 0, 0, 0, 1, 11, 4, 17, 2, 1, 2.66, 0, '2020-04-20 00:00:00', '2020-05-10 05:08:12'),
(31, '31', '2020-04-21 00:00:00', 0, 1, 0, 2, 11, 5, 7, 3, 1, 2.65, 0, '2020-04-21 00:00:00', '2020-05-10 05:08:12'),
(32, '32', '2020-04-22 00:00:00', 2, 0, 0, 7, 8, 0, 6, 2, 1, 2.66, 0, '2020-04-22 00:00:00', '2020-05-10 05:08:12'),
(33, '33', '2020-04-23 00:00:00', 0, 0, 0, 2, 9, 4, 11, 2, 1, 2.66, 0, '2020-04-23 00:00:00', '2020-05-10 05:08:12'),
(34, '34', '2020-04-24 00:00:00', 3, 0, 0, 0, 9, 8, 16, 3, 1, 2.64, 0, '2020-04-24 00:00:00', '2020-05-10 05:08:12'),
(35, '35', '2020-04-25 00:00:00', 4, 0, 0, 2, 12, 4, 6, 4, 1, 2.67, 0, '2020-04-25 00:00:00', '2020-05-10 05:08:12'),
(36, '36', '2020-04-26 00:00:00', 0, 0, 0, 1, 17, 3, 4, 1, 1, 2.66, 0, '2020-04-26 00:00:00', '2020-05-10 05:08:12'),
(37, '37', '2020-04-27 00:00:00', 0, 0, 0, 0, 5, 2, 10, 0, 1.28, 2.83, 0, '2020-04-27 00:00:00', '2020-05-10 05:08:12'),
(38, '38', '2020-04-28 00:00:00', 6, 5, 0, 4, 13, 1, 4, 5, 1.26, 2.8, 0, '2020-04-28 00:00:00', '2020-05-10 05:08:12'),
(39, '39', '2020-04-29 00:00:00', 5, 0, 0, 0, 10, 3, 6, 0, 1.24, 2.74, 0, '2020-04-29 00:00:00', '2020-05-10 05:08:12'),
(40, '40', '2020-04-30 00:00:00', 0, 0, 0, 1, 1, 1, 11, 5, 1.44, 2.84, 0, '2020-04-30 00:00:00', '2020-05-10 05:08:12'),
(41, '41', '2020-05-01 00:00:00', 0, 3, 0, 1, 3, 0, 7, 1, 1.59, 2.96, 0.1, '2020-05-01 00:00:00', '2020-05-10 05:08:12'),
(42, '42', '2020-05-02 00:00:00', 12, 0, 0, 0, 16, 1, 39, 3, 1.82, 3.1, 0.27, '2020-05-02 00:00:00', '2020-05-10 05:08:12'),
(43, '43', '2020-05-03 00:00:00', 0, 0, 0, 2, 3, 6, 4, 1, 1.8, 2.97, 0.35, '2020-05-03 00:00:00', '2020-05-10 05:08:12'),
(44, '44', '2020-05-04 00:00:00', 0, 0, 0, 1, 12, 7, 4, 1, 1.56, 2.67, 0.25, '2020-05-04 00:00:00', '2020-05-10 05:08:12'),
(45, '45', '2020-05-05 00:00:00', 11, 0, 0, 8, 4, 3, 18, 9, 1.49, 2.58, 0.28, '2020-05-05 00:00:00', '2020-05-10 05:08:12'),
(46, '46', '2020-05-06 00:00:00', 0, 1, 0, 0, 9, 0, 22, 0, 1.44, 2.48, 0.33, '2020-05-06 00:00:00', '2020-05-10 05:08:12'),
(47, '47', '2020-05-07 00:00:00', 5, 0, 0, 0, 1, 0, 13, 4, 1.16, 2.13, 0.14, '2020-05-07 00:00:00', '2020-05-10 05:08:12'),
(48, '48', '2020-05-08 00:00:00', 0, 0, 0, 13, 6, 3, 9, 12, 1, 1.92, 0.03, '2020-05-08 00:00:00', '2020-05-10 05:08:12'),
(49, '49', '2020-05-09 00:00:00', 0, 0, 0, 2, 32, 9, 11, 1, 0.84, 1.76, 0, '2020-05-09 00:00:00', '2020-05-10 05:08:12'),
(50, '50', '2020-05-10 00:00:00', 8, 0, 0, 0, 8, 2, 3, 1, 0.83, 1.76, 0, '2020-05-11 15:40:31', '2020-05-11 15:40:31'),
(51, '51', '2020-05-11 00:00:00', 0, 1, 0, 6, 11, 2, 21, 7, 1, 1.92, 0, '2020-05-11 15:41:46', '2020-05-11 15:41:46'),
(52, '52', '2020-05-12 00:00:00', 12, 0, 0, 0, 17, 0, 13, 1, 1, 1.92, 0.02, '2020-05-15 07:47:50', '2020-05-15 07:47:50'),
(53, '53', '2020-05-13 00:00:00', 6, 7, 0, 2, 9, 1, 8, 4, 0.91, 1.83, 0, '2020-05-15 07:47:50', '2020-05-15 07:47:50'),
(54, '54', '2020-05-14 00:00:00', 10, 1, 1, 3, 36, 4, 6, 7, 1, 1.96, 0.02, '2020-05-15 07:47:50', '2020-05-15 07:47:50'),
(55, '55', '2020-05-15 00:00:00', 1, 0, 0, 2, 26, 4, 3, 3, 1, 1.93, 0.01, '2020-05-15 07:47:50', '2020-05-15 07:47:50'),
(56, '56', '2020-05-16 00:00:00', 1, 1, 0, 7, 10, 6, 3, 5, 0.82, 1.76, 0, '2020-05-17 15:18:51', '2020-05-17 15:18:51'),
(57, '57', '2020-05-17 00:00:00', 2, 2, 0, 0, 39, 1, 4, 3, 0.61, 1.65, 0, '2020-05-17 15:18:51', '2020-05-17 15:18:51'),
(58, '58', '2020-05-18 00:00:00', 0, 2, 0, 3, 16, 0, 5, 4, 0.21, 1.46, 0, '2020-05-18 18:29:13', '2020-05-18 18:29:13'),
(59, '59', '2020-05-19 17:58:12', 0, 0, 0, 2, 2, 1, 0, 0, 0.01, 1.45, 0, '2020-05-19 09:58:12', '2020-05-19 09:58:12'),
(60, '60', '2020-05-20 17:54:34', 0, 0, 0, 3, 22, 3, 0, 3, 0, 1.58, 0, '2020-05-20 21:54:34', '2020-05-20 21:54:34'),
(61, '61', '2020-05-21 16:48:06', 2, 11, 0, 6, 0, 2, 3, 7, 0, 1.74, 0, '2020-05-21 08:48:06', '2020-05-21 08:48:06'),
(62, '62', '2020-05-22 16:55:13', 0, 0, 0, 0, 15, 2, 5, 0, 0.04, 2.1, 0, '2020-05-22 08:55:13', '2020-05-22 08:55:13'),
(63, '63', '2020-05-23 18:03:44', 3, 0, 0, 0, 1, 1, 0, 4, 0.62, 2.66, 0, '2020-05-23 10:04:46', '2020-05-23 10:04:46'),
(64, '64', '2020-05-24 18:03:44', 0, 9, 0, 0, 0, 0, 0, 0, 1, 2.95, 0, '2020-05-24 13:26:21', '2020-05-24 13:26:21'),
(65, '65', '2020-05-25 18:35:29', 0, 0, 0, 2, 0, 0, 4, 2, 1, 2.96, 0, '2020-05-25 10:34:54', '2020-05-25 10:34:54'),
(66, '66', '2020-05-26 16:30:43', 0, 2, 0, 1, 7, 2, 23, 1, 1, 2.97, 0, '2020-05-26 08:32:27', '2020-05-26 08:32:27'),
(67, '67', '2020-05-27 16:11:20', 0, 2, 0, 1, 4, 5, 4, 0, 1.38, 3.21, 0, '2020-05-27 08:11:20', '2020-05-28 07:11:07'),
(68, '68', '2020-05-28 17:09:29', 6, 2, 0, 9, 17, 1, 7, 8, 1.67, 3.31, 0, '2020-05-28 17:13:24', '2020-05-28 18:17:44'),
(69, '69', '2020-05-29 15:50:19', 0, 0, 0, 3, 5, 1, 2, 1, 1.3, 2.93, 0, '2020-05-29 15:52:52', '2020-05-29 16:21:24'),
(70, '70', '2020-05-30 17:28:19', 0, 0, 0, 2, 27, 4, 7, 2, 1.28, 2.86, 0, '2020-05-30 17:30:37', '2020-05-30 17:31:12'),
(71, '71', '2020-05-31 16:09:21', 2, 9, 0, 2, 4, 1, 0, 2, 1, 2.58, 0, '2020-05-31 16:11:28', '2020-05-31 17:43:39'),
(72, '72', '2020-06-1 16:56:21', 0, 0, 0, 1, 1, 0, 2, 3, 1, 2.62, 0, '2020-06-01 16:57:13', '2020-06-01 16:57:13'),
(73, '73', '2020-06-2 16:40:21', 0, 0, 0, 0, 1, 1, 4, 0, 1, 2.58, 0, '2020-06-02 16:41:03', '2020-06-02 16:41:03'),
(74, '74', '2020-06-3 19:40:21', 1, 3, 0, 1, 2, 3, 3, 3, 1, 2.62, 0, '2020-06-03 19:40:46', '2020-06-04 17:17:54'),
(75, '75', '2020-06-4 17:17:21', 0, 6, 0, 0, 2, 0, 3, 0, 1, 2.6, 0, '2020-06-04 17:17:42', '2020-06-04 17:18:09'),
(76, '76', '2020-06-5 17:35:21', 7, 8, 0, 1, 8, 1, 31, 1, 1.73, 3.19, 0.06, '2020-06-05 17:36:12', '2020-06-05 17:36:12'),
(77, '77', '2020-06-6 17:29:21', 3, 8, 0, 0, 6, 5, 31, 1, 2.15, 3.65, 0.54, '2020-06-06 17:30:46', '2020-06-06 18:19:24'),
(78, '78', '2020-06-7 18:29:21', 20, 7, 0, 20, 8, 1, 0, 0, 2.27, 3.59, 0.89, '2020-06-07 18:36:36', '2020-06-07 18:36:36'),
(79, '79', '2020-06-8 17:50:21', 0, 0, 0, 0, 7, 1, 2, 0, 2.15, 3.22, 0.84, '2020-06-08 17:50:03', '2020-06-08 17:50:22'),
(80, '80', '2020-06-9 18:15:21', 0, 0, 0, 0, 0, 2, 2, 0, 1.53, 2.63, 0.44, '2020-06-09 18:15:12', '2020-06-09 18:38:30'),
(81, '81', '2020-06-10 18:07:22', 0, 1, 0, 0, 28, 1, 8, 0, 1.16, 2.1, 0.08, '2020-06-10 18:08:20', '2020-06-10 18:08:20'),
(82, '82', '2020-06-11 18:00:22', 0, 1, 0, 3, 10, 7, 7, 3, 0.92, 1.84, 0, '2020-06-11 18:00:46', '2020-06-11 18:36:31'),
(83, '83', '2020-06-12 17:23:12', 0, 0, 0, 0, 13, 1, 2, 3, 0.64, 1.63, 0, '2020-06-12 17:23:35', '2020-06-12 17:23:35'),
(84, '84', '2020-06-13 18:28:12', 9, 1, 0, 3, 8, 2, 2, 2, 0.51, 1.57, 0, '2020-06-13 18:28:50', '2020-06-13 18:28:50'),
(85, '85', '2020-06-14 16:56:52', 2, 19, 0, 5, 9, 2, 2, 5, 0.47, 1.6, 0, '2020-06-14 16:58:10', '2020-06-14 17:05:55');

-- --------------------------------------------------------

--
-- Table structure for table `tests`
--

CREATE TABLE `tests` (
  `id` int(11) NOT NULL,
  `name` varchar(250) NOT NULL,
  `date` date DEFAULT NULL,
  `positive` int(11) NOT NULL,
  `negative` int(11) NOT NULL,
  `process` int(11) NOT NULL,
  `invalid` int(11) NOT NULL,
  `total` int(11) NOT NULL,
  `created_at` timestamp NULL DEFAULT NULL,
  `updated_at` timestamp NULL DEFAULT NULL
) ENGINE=InnoDB DEFAULT CHARSET=utf8mb4;

--
-- Dumping data for table `tests`
--

INSERT INTO `tests` (`id`, `name`, `date`, `positive`, `negative`, `process`, `invalid`, `total`, `created_at`, `updated_at`) VALUES
(1, 'pcr', '2020-06-14', 170, 823, 147, 0, 1140, '2020-06-09 01:54:55', '2020-06-09 01:54:55'),
(2, 'rdt', '2020-05-26', 187, 3247, 3316, 0, 6750, '2020-06-09 02:40:36', '2020-06-09 02:40:36');

-- --------------------------------------------------------

--
-- Table structure for table `users`
--

CREATE TABLE `users` (
  `id` bigint(20) UNSIGNED NOT NULL,
  `name` varchar(255) COLLATE utf8mb4_unicode_ci NOT NULL,
  `email` varchar(255) COLLATE utf8mb4_unicode_ci NOT NULL,
  `email_verified_at` timestamp NULL DEFAULT NULL,
  `password` varchar(255) COLLATE utf8mb4_unicode_ci NOT NULL,
  `remember_token` varchar(100) COLLATE utf8mb4_unicode_ci DEFAULT NULL,
  `created_at` timestamp NULL DEFAULT NULL,
  `updated_at` timestamp NULL DEFAULT NULL
) ENGINE=InnoDB DEFAULT CHARSET=utf8mb4 COLLATE=utf8mb4_unicode_ci;

--
-- Indexes for dumped tables
--

--
-- Indexes for table `donations`
--
ALTER TABLE `donations`
  ADD PRIMARY KEY (`id`);

--
-- Indexes for table `genders`
--
ALTER TABLE `genders`
  ADD PRIMARY KEY (`day`);

--
-- Indexes for table `infographics`
--
ALTER TABLE `infographics`
  ADD PRIMARY KEY (`id`);

--
-- Indexes for table `infographic_images`
--
ALTER TABLE `infographic_images`
  ADD PRIMARY KEY (`id`,`id_infographic`),
  ADD KEY `infographic_images_id_infographic_foreign` (`id_infographic`);

--
-- Indexes for table `kabupaten`
--
ALTER TABLE `kabupaten`
  ADD PRIMARY KEY (`no`);

--
-- Indexes for table `local_case_histories`
--
ALTER TABLE `local_case_histories`
  ADD PRIMARY KEY (`day`,`district_id`),
  ADD KEY `local_case_histories_district_id_foreign` (`district_id`);

--
-- Indexes for table `migrations`
--
ALTER TABLE `migrations`
  ADD PRIMARY KEY (`id`);

--
-- Indexes for table `national_case_histories`
--
ALTER TABLE `national_case_histories`
  ADD PRIMARY KEY (`day`);

--
-- Indexes for table `password_resets`
--
ALTER TABLE `password_resets`
  ADD KEY `password_resets_email_index` (`email`);

--
-- Indexes for table `phone`
--
ALTER TABLE `phone`
  ADD PRIMARY KEY (`phone`),
  ADD KEY `phone_id_posko_foreign` (`id_posko`);

--
-- Indexes for table `posko`
--
ALTER TABLE `posko`
  ADD PRIMARY KEY (`id`),
  ADD KEY `posko_kode_kabupaten_foreign` (`kode_kabupaten`);

--
-- Indexes for table `provinsi`
--
ALTER TABLE `provinsi`
  ADD PRIMARY KEY (`kode_provinsi`);

--
-- Indexes for table `rumah_sakit`
--
ALTER TABLE `rumah_sakit`
  ADD PRIMARY KEY (`no`);

--
-- Indexes for table `stats`
--
ALTER TABLE `stats`
  ADD PRIMARY KEY (`id`);

--
-- Indexes for table `tests`
--
ALTER TABLE `tests`
  ADD PRIMARY KEY (`id`);

--
-- Indexes for table `users`
--
ALTER TABLE `users`
  ADD PRIMARY KEY (`id`),
  ADD UNIQUE KEY `users_email_unique` (`email`);

--
-- AUTO_INCREMENT for dumped tables
--

--
-- AUTO_INCREMENT for table `donations`
--
ALTER TABLE `donations`
  MODIFY `id` int(11) NOT NULL AUTO_INCREMENT, AUTO_INCREMENT=7;

--
-- AUTO_INCREMENT for table `genders`
--
ALTER TABLE `genders`
  MODIFY `day` bigint(20) UNSIGNED NOT NULL AUTO_INCREMENT, AUTO_INCREMENT=86;

--
-- AUTO_INCREMENT for table `infographics`
--
ALTER TABLE `infographics`
  MODIFY `id` bigint(20) UNSIGNED NOT NULL AUTO_INCREMENT, AUTO_INCREMENT=16;

--
-- AUTO_INCREMENT for table `migrations`
--
ALTER TABLE `migrations`
  MODIFY `id` int(10) UNSIGNED NOT NULL AUTO_INCREMENT, AUTO_INCREMENT=18;

--
-- AUTO_INCREMENT for table `posko`
--
ALTER TABLE `posko`
  MODIFY `id` bigint(20) UNSIGNED NOT NULL AUTO_INCREMENT, AUTO_INCREMENT=23;

--
-- AUTO_INCREMENT for table `stats`
--
ALTER TABLE `stats`
  MODIFY `id` bigint(20) UNSIGNED NOT NULL AUTO_INCREMENT, AUTO_INCREMENT=86;

--
-- AUTO_INCREMENT for table `tests`
--
ALTER TABLE `tests`
  MODIFY `id` int(11) NOT NULL AUTO_INCREMENT, AUTO_INCREMENT=3;

--
-- AUTO_INCREMENT for table `users`
--
ALTER TABLE `users`
  MODIFY `id` bigint(20) UNSIGNED NOT NULL AUTO_INCREMENT;

--
-- Constraints for dumped tables
--

--
-- Constraints for table `genders`
--
ALTER TABLE `genders`
  ADD CONSTRAINT `day_foreign_key` FOREIGN KEY (`day`) REFERENCES `stats` (`id`);

--
-- Constraints for table `infographic_images`
--
ALTER TABLE `infographic_images`
  ADD CONSTRAINT `infographic_images_id_infographic_foreign` FOREIGN KEY (`id_infographic`) REFERENCES `infographics` (`id`);

--
-- Constraints for table `local_case_histories`
--
ALTER TABLE `local_case_histories`
  ADD CONSTRAINT `local_case_histories_day_foreign` FOREIGN KEY (`day`) REFERENCES `stats` (`id`),
  ADD CONSTRAINT `local_case_histories_district_id_foreign` FOREIGN KEY (`district_id`) REFERENCES `kabupaten` (`no`);

--
-- Constraints for table `phone`
--
ALTER TABLE `phone`
  ADD CONSTRAINT `phone_id_posko_foreign` FOREIGN KEY (`id_posko`) REFERENCES `posko` (`id`);

--
-- Constraints for table `posko`
--
ALTER TABLE `posko`
  ADD CONSTRAINT `posko_kode_kabupaten_foreign` FOREIGN KEY (`kode_kabupaten`) REFERENCES `kabupaten` (`no`);
COMMIT;

/*!40101 SET CHARACTER_SET_CLIENT=@OLD_CHARACTER_SET_CLIENT */;
/*!40101 SET CHARACTER_SET_RESULTS=@OLD_CHARACTER_SET_RESULTS */;
/*!40101 SET COLLATION_CONNECTION=@OLD_COLLATION_CONNECTION */;
